function,thinking_time,level,died_count,win_count,scores_mean,scores_std,num_moves_mean,num_moves_std,times_mean,times_std
max_reward,0.1,0,0,10,1.1,0,17.8,2.271563338,3.262613916,0.403813549
max_visits,0.1,0,8,2,-0.5,0.8,13.5,5.766281297,2.470168352,1.032246373
max_visits_50_reward_50,0.1,0,4,6,0.3,0.979795897,15.8,6.063002556,2.880220175,1.067394945
max_visits_25_reward_75,0.1,0,0,10,1.1,0,18.4,2.497999199,3.326866841,0.42837084
max_visits_75_reward_25,0.1,0,9,1,-0.7,0.6,11.9,6.62495283,2.192792416,1.183195633
max_reward_optimistic,0.1,0,4,6,0.3,0.979795897,13.8,7.068238819,2.519493151,1.252321031
max_reward_pessimistic,0.1,0,10,0,-0.9,0,7.9,2.022374842,1.46637094,0.346381365
max_reward_median,0.1,0,10,0,-0.9,0,6.7,1.791647287,1.262337494,0.332765087
max_reward,0.5,0,0,10,1.1,0,17,1.341640786,9.883590174,0.778279383
max_visits,0.5,0,8,2,-0.5,0.8,13.1,8.383913167,7.613248181,4.823000755
max_visits_50_reward_50,0.5,0,5,5,0.1,1,17.1,2.62488095,9.922672439,1.518608531
max_visits_25_reward_75,0.5,0,0,10,1.1,0,16.8,0.979795897,9.752933288,0.55203155
max_visits_75_reward_25,0.5,0,7,3,-0.3,0.916515139,12.8,7.533923281,7.459060693,4.342073925
max_reward_optimistic,0.5,0,0,10,1.1,0,17,1.61245155,9.901639771,0.959474619
max_reward_pessimistic,0.5,0,10,0,-0.9,0,4.7,1.268857754,2.787867856,0.735554895
max_reward_median,0.5,0,10,0,-0.9,0,7,1.732050808,4.11803863,0.990951636
max_reward,1,0,0,10,1.1,0,16,0,17.31339383,0.042055988
max_visits,1,0,10,0,-0.9,0,11.4,6.118823416,12.34979978,6.584737647
max_visits_50_reward_50,1,0,5,5,0.1,1,15.4,3.104834939,16.66390858,3.356360258
max_visits_25_reward_75,1,0,0,10,1.1,0,16.4,0.8,17.72632387,0.87379268
max_visits_75_reward_25,1,0,8,2,-0.5,0.8,11.5,6.5,12.45294127,7.002628941
max_reward_optimistic,1,0,0,10,1.1,0,17,1,18.40666022,1.079914814
max_reward_pessimistic,1,0,10,0,-0.9,0,5,1.549193338,5.474189258,1.676394256
max_reward_median,1,0,10,0,-0.9,0,6.3,1.9,6.845837927,2.042431126
max_reward,2,0,0,10,1.1,0,16.4,0.8,34.14493959,1.684427803
max_visits,2,0,8,2,-0.5,0.8,11.6,6.167657578,24.14240527,12.79768878
max_visits_50_reward_50,2,0,4,6,0.3,0.979795897,17.6,3.979949748,36.61987214,8.278359794
max_visits_25_reward_75,2,0,0,10,1.1,0,16.6,0.916515139,34.56030509,1.900980196
max_visits_75_reward_25,2,0,6,4,-0.1,0.979795897,14.3,6.213694553,29.75922885,12.9183655
max_reward_optimistic,2,0,0,10,1.1,0,17,1.843908891,35.38036356,3.82341218
max_reward_pessimistic,2,0,10,0,-0.9,0,4.5,1.360147051,9.427003384,2.812019133
max_reward_median,2,0,10,0,-0.9,0,7.6,3.611094017,15.85785584,7.482438326
max_reward,0.1,1,0,10,1.1,0,16.2,0.6,2.932584262,0.13298671
max_visits,0.1,1,7,3,-0.3,0.916515139,10,5.779273311,1.839710855,1.028169693
max_visits_50_reward_50,0.1,1,1,9,0.9,0.6,16.5,3.383784863,2.978196406,0.608937148
max_visits_25_reward_75,0.1,1,0,10,1.1,0,16,0,2.912185955,0.038160938
max_visits_75_reward_25,0.1,1,2,8,0.7,0.8,15.4,6.311893535,2.78720963,1.11602213
max_reward_optimistic,0.1,1,2,8,0.7,0.8,15.8,5.015974482,2.872330189,0.890320116
max_reward_pessimistic,0.1,1,10,0,-0.9,0,8.3,1.676305461,1.545367193,0.302971552
max_reward_median,0.1,1,10,0,-0.9,0,7.7,3.377869151,1.435231996,0.590912391
max_reward,0.5,1,0,10,1.1,0,16,0,9.268709493,0.035068364
max_visits,0.5,1,4,6,0.3,0.979795897,13.2,5.528109984,7.686863399,3.175879222
max_visits_50_reward_50,0.5,1,1,9,0.9,0.6,16.3,3.950949253,9.460281873,2.272809091
max_visits_25_reward_75,0.5,1,0,10,1.1,0,16,0,9.278946352,0.034615631
max_visits_75_reward_25,0.5,1,3,7,0.5,0.916515139,13.5,5.296225071,7.837003398,3.04451801
max_reward_optimistic,0.5,1,0,10,1.1,0,16.6,1.280624847,9.620095277,0.717925208
max_reward_pessimistic,0.5,1,10,0,-0.9,0,4.8,0.6,2.84880867,0.334910532
max_reward_median,0.5,1,10,0,-0.9,0,7.8,2.181742423,4.573084855,1.258515209
max_reward,1,1,0,10,1.1,0,16.2,0.6,17.52671494,0.657289632
max_visits,1,1,5,5,0.1,1,11.9,5.752390807,12.88048866,6.172423468
max_visits_50_reward_50,1,1,2,8,0.7,0.8,14.4,3.746998799,15.57862742,4.029374234
max_visits_25_reward_75,1,1,0,10,1.1,0,16.4,0.8,17.71574883,0.853025054
max_visits_75_reward_25,1,1,7,3,-0.3,0.916515139,8.2,5.706137047,8.885075855,6.128969099
max_reward_optimistic,1,1,0,10,1.1,0,16.4,0.8,17.71586134,0.867057367
max_reward_pessimistic,1,1,10,0,-0.9,0,3.6,1.280624847,3.946282291,1.37138498
max_reward_median,1,1,10,0,-0.9,0,6.9,2.385372088,7.510024071,2.576577738
max_reward,2,1,0,10,1.1,0,16.8,1.326649916,34.94297807,2.758283422
max_visits,2,1,5,5,0.1,1,12.8,5.325410782,26.66402714,11.051219
max_visits_50_reward_50,2,1,3,7,0.5,0.916515139,13.8,4.915282291,28.71389649,10.20140196
max_visits_25_reward_75,2,1,0,10,1.1,0,16.6,1.280624847,34.54400613,2.68334706
max_visits_75_reward_25,2,1,5,5,0.1,1,10.7,6.293647591,22.28298926,13.04513256
max_reward_optimistic,2,1,0,10,1.1,0,16.6,1.280624847,34.54442542,2.646130005
max_reward_pessimistic,2,1,10,0,-0.9,0,4.3,1.417744688,9.010540152,2.953066883
max_reward_median,2,1,10,0,-0.9,0,7.3,2.368543856,15.2293036,4.904665435
max_reward,0.1,2,0,10,1.1,0,25.2,2.227105745,4.531123471,0.402344634
max_visits,0.1,2,7,3,-0.3,0.916515139,18.3,11.26099463,3.332338285,2.005680498
max_visits_50_reward_50,0.1,2,4,6,0.3,0.979795897,22.7,9.24175308,4.11295104,1.661060657
max_visits_25_reward_75,0.1,2,0,10,1.1,0,24.2,1.886796226,4.393364525,0.333398364
max_visits_75_reward_25,0.1,2,8,2,-0.51,0.805543295,14.9,10.56834897,2.730318356,1.882191095
max_reward_optimistic,0.1,2,4,6,0.3,0.979795897,20,11.34900877,3.645043206,2.012287746
max_reward_pessimistic,0.1,2,10,0,-0.9,0,13.9,4.369210455,2.580370641,0.789870185
max_reward_median,0.1,2,10,0,-0.9,0,7.9,2.071231518,1.524554181,0.374808304
max_reward,0.5,2,0,10,1.1,0,22,0,12.80301931,0.053299111
max_visits,0.5,2,5,5,0.1,1,19.1,9.20271699,11.1204093,5.292884313
max_visits_50_reward_50,0.5,2,3,7,0.5,0.916515139,21.7,7.823681998,12.61648731,4.531094735
max_visits_25_reward_75,0.5,2,0,10,1.1,0,22.4,0.8,13.00491061,0.490547788
max_visits_75_reward_25,0.5,2,6,4,-0.1,0.979795897,13.7,8.414867795,7.968117404,4.856663126
max_reward_optimistic,0.5,2,2,8,0.7,0.8,20.6,6.452906322,12.01153948,3.73858917
max_reward_pessimistic,0.5,2,10,0,-0.9,0,4,1,2.379563427,0.582400373
max_reward_median,0.5,2,10,0,-0.9,0,6,1.673320053,3.545316386,0.968162455
max_reward,1,2,0,10,1.1,0,22.2,0.6,23.99981656,0.697867368
max_visits,1,2,4,6,0.3,0.979795897,16.6,8.879189152,17.9678293,9.58610927
max_visits_50_reward_50,1,2,2,8,0.7,0.8,20,7.113367698,21.65604696,7.689184756
max_visits_25_reward_75,1,2,0,10,1.1,0,22.2,0.6,24.00018895,0.658156621
max_visits_75_reward_25,1,2,2,8,0.7,0.8,20,6.618156843,21.6520839,7.126734427
max_reward_optimistic,1,2,0,10,1.1,0,22.4,1.2,24.23681951,1.304978052
max_reward_pessimistic,1,2,10,0,-0.9,0,5.2,1.661324773,5.697558594,1.792453725
max_reward_median,1,2,10,0,-0.9,0,5.6,1.854723699,6.114668202,2.001442487
max_reward,2,2,2,8,0.7,0.8,19.2,7.208328516,40.03409426,15.00960588
max_visits,2,2,6,4,-0.1,0.979795897,13.1,8.251666498,27.30387843,17.14349929
max_visits_50_reward_50,2,2,0,10,1.1,0,22.8,0.979795897,47.44490268,1.997517514
max_visits_25_reward_75,2,2,0,10,1.1,0,22.2,0.6,46.31926091,1.252382197
max_visits_75_reward_25,2,2,7,3,-0.3,0.916515139,9.6,8.175573374,20.0287885,16.97776389
max_reward_optimistic,2,2,0,10,1.1,0,22.2,0.6,46.27434843,1.301144081
max_reward_pessimistic,2,2,10,0,-0.9,0,4.2,0.979795897,8.81165247,2.029650877
max_reward_median,2,2,10,0,-0.9,0,6.2,2.749545417,12.96801479,5.703351646
max_reward,0.1,3,0,10,1.1,0,16,1.549193338,2.972211146,0.295496134
max_visits,0.1,3,8,2,-0.5,0.8,7.4,8.272847152,1.4039186,1.467955613
max_visits_50_reward_50,0.1,3,3,7,0.5,0.916515139,12.3,7.603288762,2.31198175,1.368726602
max_visits_25_reward_75,0.1,3,0,10,1.1,0,16.2,1.661324773,2.993993759,0.300067915
max_visits_75_reward_25,0.1,3,7,3,-0.3,0.916515139,5.1,6.284106937,0.994656992,1.120946022
max_reward_optimistic,0.1,3,5,5,0.1,1,10.7,7.114070565,2.014689326,1.283124662
max_reward_pessimistic,0.1,3,10,0,-0.9,0,4.1,0.943398113,0.805826521,0.171350459
max_reward_median,0.1,3,10,0,-0.9,0,2.6,1.496662955,0.558887434,0.277429367
max_reward,0.5,3,0,10,1.1,0,15,1.341640786,8.74676652,0.790718451
max_visits,0.5,3,7,3,-0.3,0.916515139,6.9,6.503076195,4.067971754,3.752606747
max_visits_50_reward_50,0.5,3,3,7,0.5,0.916515139,12.3,7.197916365,7.196621633,4.172205918
max_visits_25_reward_75,0.5,3,0,10,1.1,0,15.6,1.959591794,9.115534258,1.123547862
max_visits_75_reward_25,0.5,3,8,2,-0.5,0.8,6.8,6.462197769,4.037856627,3.749899337
max_reward_optimistic,0.5,3,0,10,1.1,0,15.4,1.562049935,8.978766131,0.940243164
max_reward_pessimistic,0.5,3,10,0,-0.9,0,1.2,0.6,0.776791883,0.364930665
max_reward_median,0.5,3,10,0,-0.9,0,2.3,1.676305461,1.407014513,0.967020963
max_reward,1,3,0,10,1.1,0,14.4,1.2,15.63290911,1.287265167
max_visits,1,3,6,4,-0.1,0.979795897,8.2,6.939740629,8.928187799,7.481873659
max_visits_50_reward_50,1,3,6,4,-0.1,0.979795897,9.2,7.560423269,10.00654728,8.148489151
max_visits_25_reward_75,1,3,0,10,1.1,0,15.8,1.661324773,17.12968478,1.786715012
max_visits_75_reward_25,1,3,8,2,-0.5,0.8,6,7.155417528,6.573169446,7.737740128
max_reward_optimistic,1,3,0,10,1.1,0,16.2,1.661324773,17.59299829,1.807176699
max_reward_pessimistic,1,3,10,0,-0.9,0,1,0,1.164618349,0.025982738
max_reward_median,1,3,10,0,-0.9,0,2,1,2.247595692,1.093288754
max_reward,2,3,0,10,1.1,0,15.6,1.743559577,32.51027288,3.62957013
max_visits,2,3,5,5,0.1,1,10.1,9.170059978,21.07674975,19.06064224
max_visits_50_reward_50,2,3,2,8,0.7,0.8,16.2,3.249615362,33.76770313,6.767466175
max_visits_25_reward_75,2,3,0,10,1.1,0,15.6,1.496662955,32.51047094,3.122198574
max_visits_75_reward_25,2,3,6,4,-0.1,0.979795897,7.2,7.372923436,15.04127684,15.29780957
max_reward_optimistic,2,3,0,10,1.1,0,14.8,1.6,30.82906134,3.324925596
max_reward_pessimistic,2,3,10,0,-0.9,0,1,0,2.167501783,0.020252883
max_reward_median,2,3,10,0,-0.9,0,1.8,1.326649916,3.814375949,2.743692598
max_reward,0.1,4,0,10,1.1,0,15.8,1.886796226,2.914833474,0.345553608
max_visits,0.1,4,6,4,-0.1,0.979795897,8.4,6.666333325,1.573401999,1.176918114
max_visits_50_reward_50,0.1,4,2,8,0.7,0.8,12.6,5.462600113,2.321550965,0.95362578
max_visits_25_reward_75,0.1,4,0,10,1.1,0,14.2,0.6,2.620823121,0.112640296
max_visits_75_reward_25,0.1,4,4,6,0.3,0.979795897,10.4,7.472616677,1.920774341,1.320240735
max_reward_optimistic,0.1,4,7,3,-0.3,0.916515139,7,5.099019514,1.311655068,0.901966908
max_reward_pessimistic,0.1,4,10,0,-0.9,0,4.7,1.187434209,0.903369236,0.212568067
max_reward_median,0.1,4,10,0,-0.9,0,3,1.788854382,0.609283781,0.316137498
max_reward,0.5,4,0,10,1.1,0,14.2,0.6,8.262972379,0.333762707
max_visits,0.5,4,6,4,-0.1,0.979795897,6.2,6.368673331,3.642361689,3.664301355
max_visits_50_reward_50,0.5,4,3,7,0.5,0.916515139,10.1,5.957348403,5.904723358,3.445224295
max_visits_25_reward_75,0.5,4,0,10,1.1,0,14.6,1.280624847,8.484724951,0.727436099
max_visits_75_reward_25,0.5,4,4,6,0.3,0.979795897,9.2,6.337191807,5.372800326,3.633849655
max_reward_optimistic,0.5,4,0,10,1.1,0,14,0,8.140144134,0.041806468
max_reward_pessimistic,0.5,4,10,0,-0.9,0,1.2,0.6,0.7755229,0.33910001
max_reward_median,0.5,4,10,0,-0.9,0,2.7,1.55241747,1.633022952,0.899733648
max_reward,1,4,0,10,1.1,0,14,0,15.16197948,0.069897487
max_visits,1,4,7,3,-0.3,0.916515139,5.1,5.855766389,5.566331029,6.278948538
max_visits_50_reward_50,1,4,3,7,0.5,0.916515139,10.3,5.675385449,11.17447491,6.085597663
max_visits_25_reward_75,1,4,0,10,1.1,0,14,0,15.16381786,0.044526247
max_visits_75_reward_25,1,4,7,3,-0.3,0.916515139,5.1,5.855766389,5.583904719,6.313785194
max_reward_optimistic,1,4,0,10,1.1,0,14,0,15.15589402,0.032930752
max_reward_pessimistic,1,4,10,0,-0.9,0,1,0,1.165178466,0.020332194
max_reward_median,1,4,10,0,-0.9,0,1.8,0.979795897,2.017792654,1.058519337
max_reward,2,4,0,10,1.1,0,14,0,29.15039825,0.04307586
max_visits,2,4,4,6,0.3,0.979795897,8.8,6.368673331,18.3623677,13.2349462
max_visits_50_reward_50,2,4,2,8,0.7,0.8,11.6,4.820788317,24.17321815,9.981552751
max_visits_25_reward_75,2,4,0,10,1.1,0,14,0,29.16353469,0.037696849
max_visits_75_reward_25,2,4,7,3,-0.3,0.916515139,5.1,5.855766389,10.66296904,12.1405724
max_reward_optimistic,2,4,0,10,1.1,0,14,0,29.15523255,0.04623459
max_reward_pessimistic,2,4,10,0,-0.9,0,1,0,2.156675148,0.018902839
max_reward_median,2,4,10,0,-0.9,0,3,1.183215957,6.310431123,2.453500266
max_reward,0.1,5,9,1,-0.7,0.6,25.5,3.774917218,4.568798137,0.661984071
max_visits,0.1,5,10,0,-0.9,0,14.2,11.20535586,2.561968446,1.961040722
max_visits_50_reward_50,0.1,5,10,0,-0.9,0,18.3,8.637708029,3.305569673,1.529433095
max_visits_25_reward_75,0.1,5,9,1,-0.7,0.6,25.3,3.034798181,4.520427155,0.527129675
max_visits_75_reward_25,0.1,5,10,0,-0.9,0,5.3,8.149233093,1.015385628,1.436897392
max_reward_optimistic,0.1,5,10,0,-0.9,0,3.5,0.670820393,0.705423284,0.114247463
max_reward_pessimistic,0.1,5,10,0,-0.9,0,10.4,8.452218644,1.909913254,1.489711208
max_reward_median,0.1,5,10,0,-0.9,0,2.1,1.445683229,0.446183515,0.252925564
max_reward,0.5,5,9,1,-0.7,0.6,23.1,3.726929031,13.42702727,2.169651776
max_visits,0.5,5,10,0,-0.9,0,7.9,10.7373181,4.6385463,6.199945338
max_visits_50_reward_50,0.5,5,10,0,-0.9,0,6.7,8.343260753,3.944996858,4.815744097
max_visits_25_reward_75,0.5,5,7,3,-0.3,0.916515139,25.9,4.085339643,15.03580697,2.372605876
max_visits_75_reward_25,0.5,5,10,0,-0.9,0,15.1,8.836854644,8.778046703,5.093129272
max_reward_optimistic,0.5,5,6,4,-0.1,0.979795897,12.2,9.346657156,7.124072361,5.398974369
max_reward_pessimistic,0.5,5,10,0,-0.9,0,1.2,0.6,0.77114563,0.348697208
max_reward_median,0.5,5,10,0,-0.9,0,3.1,1.7,1.864739919,0.971647208
max_reward,1,5,10,0,-0.9,0,19.9,4.825971405,21.52001512,5.199756254
max_visits,1,5,9,1,-0.7,0.6,10.5,10.15135459,11.40818598,10.96564704
max_visits_50_reward_50,1,5,10,0,-0.9,0,10.2,9.516301803,11.06866443,10.26810456
max_visits_25_reward_75,1,5,7,3,-0.3,0.916515139,23.1,6.090155991,24.9934108,6.573474253
max_visits_75_reward_25,1,5,10,0,-0.9,0,12.1,8.251666498,13.14700725,8.913251537
max_reward_optimistic,1,5,2,8,0.7,0.8,15.4,6.248199741,16.70972817,6.724354159
max_reward_pessimistic,1,5,10,0,-0.9,0,1,0,1.16960094,0.031829387
max_reward_median,1,5,10,0,-0.9,0,2,1.341640786,2.232341123,1.445443541
max_reward,2,5,9,1,-0.7,0.6,19.3,4.075536774,40.20368686,8.464002895
max_visits,2,5,10,0,-0.9,0,8.4,9.340235543,17.55422482,19.42243087
max_visits_50_reward_50,2,5,10,0,-0.9,0,17.8,6.4,37.06112354,13.30076284
max_visits_25_reward_75,2,5,9,1,-0.7,0.6,18.9,2.7,39.37033842,5.612076445
max_visits_75_reward_25,2,5,10,0,-0.9,0,6.5,7.736278175,13.57849994,16.04792191
max_reward_optimistic,2,5,0,10,1.1,0,18.2,0.6,37.91869683,1.251370295
max_reward_pessimistic,2,5,10,0,-0.9,0,1,0,2.162365985,0.027302962
max_reward_median,2,5,10,0,-0.9,0,2.6,1.428285686,5.479119158,2.970562703
max_reward,0.1,6,1,9,0.9,0.6,29.9,9.38562731,5.366930652,1.649356984
max_visits,0.1,6,10,0,-0.9,0,8.2,5.055689864,1.523666692,0.901211728
max_visits_50_reward_50,0.1,6,9,1,-0.7,0.6,14.8,12.58411697,2.695958757,2.229235749
max_visits_25_reward_75,0.1,6,0,10,1.1,0,31.6,5.2,5.678919339,0.913816756
max_visits_75_reward_25,0.1,6,10,0,-0.9,0,5.3,1.417744688,1.014683771,0.263205503
max_reward_optimistic,0.1,6,5,5,0.1,1,15.5,10.67005155,2.82290709,1.889540755
max_reward_pessimistic,0.1,6,10,0,-0.9,0,14.3,6.293647591,2.593296003,1.11610423
max_reward_median,0.1,6,10,0,-0.9,0,4.7,1.1,0.906372571,0.195871883
max_reward,0.5,6,1,9,0.9,0.6,26.1,9.126335519,15.16648083,5.283331796
max_visits,0.5,6,10,0,-0.9,0,4.2,1.077032961,2.490970182,0.608446459
max_visits_50_reward_50,0.5,6,8,2,-0.5,0.8,13,10.63954886,7.569212675,6.128972947
max_visits_25_reward_75,0.5,6,2,8,0.7,0.8,24.6,12.15894732,14.31584167,7.032454003
max_visits_75_reward_25,0.5,6,10,0,-0.9,0,4.5,1.204159458,2.680452752,0.686015586
max_reward_optimistic,0.5,6,3,7,0.5,0.916515139,17.4,8.811356309,10.10964353,5.071424054
max_reward_pessimistic,0.5,6,10,0,-0.9,0,3.6,0.489897949,2.157085562,0.274754056
max_reward_median,0.5,6,10,0,-0.9,0,4.6,0.8,2.723221755,0.461407789
max_reward,1,6,1,9,0.9,0.6,22.1,7.21734023,23.87825406,7.785904028
max_visits,1,6,10,0,-0.9,0,6.3,3.742993454,6.866854382,4.032634362
max_visits_50_reward_50,1,6,10,0,-0.9,0,6.8,4.512205669,7.39623003,4.84590281
max_visits_25_reward_75,1,6,1,9,0.9,0.6,22.9,7.647875522,24.74990859,8.254155029
max_visits_75_reward_25,1,6,10,0,-0.9,0,5.6,1.2,6.116951871,1.294892096
max_reward_optimistic,1,6,0,10,1.1,0,24.6,2.2,26.56932404,2.382570257
max_reward_pessimistic,1,6,10,0,-0.9,0,3.8,0.4,4.164588022,0.439054886
max_reward_median,1,6,10,0,-0.9,0,4.2,0.979795897,4.592237973,1.059789072
max_reward,2,6,0,10,1.1,0,22.6,0.916515139,47.00896962,1.935204895
max_visits,2,6,9,1,-0.7,0.6,9,7.224956747,18.79253886,15.01646462
max_visits_50_reward_50,2,6,8,2,-0.5,0.8,11.3,9.581753493,23.54312623,19.90068174
max_visits_25_reward_75,2,6,0,10,1.1,0,23,1,47.84570391,2.064086872
max_visits_75_reward_25,2,6,10,0,-0.9,0,7,4.049691346,14.60842733,8.412142815
max_reward_optimistic,2,6,1,9,0.9,0.6,21.8,5.963220606,45.35389674,12.39050786
max_reward_pessimistic,2,6,10,0,-0.9,0,3.4,0.489897949,7.14363718,1.008909305
max_reward_median,2,6,10,0,-0.9,0,5.1,1.220655562,10.66463189,2.537142859
max_reward,0.1,7,2,8,0.7,0.8,10.1,2.913760457,1.851684141,0.518881207
max_visits,0.1,7,9,1,-0.7,0.6,6,2.828427125,1.133406353,0.492172588
max_visits_50_reward_50,0.1,7,5,5,0.1,1,8.3,4.001249805,1.545346832,0.710937282
max_visits_25_reward_75,0.1,7,0,10,1.1,0,11.4,0.8,2.085839748,0.153635059
max_visits_75_reward_25,0.1,7,10,0,-0.9,0,5.1,1.445683229,0.970890903,0.243651318
max_reward_optimistic,0.1,7,2,8,0.7,0.8,10,3.098386677,1.831877565,0.551598898
max_reward_pessimistic,0.1,7,10,0,-0.9,0,3.9,0.943398113,0.765843034,0.171018103
max_reward_median,0.1,7,10,0,-0.9,0,4.5,1.118033989,0.865447092,0.19614478
max_reward,0.5,7,1,9,0.9,0.6,10.4,1.8,6.070277023,1.030019545
max_visits,0.5,7,5,5,0.1,1,9.3,3.742993454,5.436082387,2.148539978
max_visits_50_reward_50,0.5,7,4,6,0.3,0.979795897,8.8,3.280243893,5.142458534,1.897928505
max_visits_25_reward_75,0.5,7,0,10,1.1,0,11.8,0.979795897,6.884338379,0.566045316
max_visits_75_reward_25,0.5,7,9,1,-0.7,0.6,5.8,2.785677655,3.418045306,1.608026149
max_reward_optimistic,0.5,7,0,10,1.1,0,11.8,0.979795897,6.887861824,0.565892391
max_reward_pessimistic,0.5,7,10,0,-0.9,0,3.7,1.004987562,2.204238272,0.580800943
max_reward_median,0.5,7,10,0,-0.9,0,4.8,1.939071943,2.840131903,1.126347976
max_reward,1,7,0,10,1.1,0,11.2,0.6,12.1568408,0.654997202
max_visits,1,7,8,2,-0.5,0.8,6.7,3.287856445,7.288384795,3.534533001
max_visits_50_reward_50,1,7,8,2,-0.5,0.8,6.7,3.377869151,7.281371593,3.633390128
max_visits_25_reward_75,1,7,0,10,1.1,0,11.2,0.6,12.14114823,0.63137591
max_visits_75_reward_25,1,7,8,2,-0.5,0.8,6.4,3.168595904,6.98159852,3.41919932
max_reward_optimistic,1,7,0,10,1.1,0,12.2,0.979795897,13.24160035,1.067018712
max_reward_pessimistic,1,7,10,0,-0.9,0,4.5,1.118033989,4.936300516,1.213476926
max_reward_median,1,7,10,0,-0.9,0,5.9,1.920937271,6.44246223,2.077166053
max_reward,2,7,0,10,1.1,0,11.2,0.6,23.33579674,1.244091118
max_visits,2,7,7,3,-0.3,0.916515139,7.9,3.419064199,16.51092019,7.10323538
max_visits_50_reward_50,2,7,8,2,-0.5,0.8,6.5,2.906888371,13.59106433,6.053856832
max_visits_25_reward_75,2,7,0,10,1.1,0,11.2,0.6,23.34695683,1.259502765
max_visits_75_reward_25,2,7,10,0,-0.9,0,4.8,1.077032961,10.05566387,2.238454139
max_reward_optimistic,2,7,0,10,1.1,0,11.8,0.979795897,24.60239432,2.040154142
max_reward_pessimistic,2,7,10,0,-0.9,0,3.7,1.1,7.75912509,2.270881617
max_reward_median,2,7,10,0,-0.9,0,4.6,1.356465997,9.630389619,2.812012465
max_reward,0.1,8,0,10,1.1,0,27.2,2.891366459,4.888516951,0.503025208
max_visits,0.1,8,5,5,0.1,1,20.8,10.01798383,3.776467729,1.774883353
max_visits_50_reward_50,0.1,8,6,4,-0.1,0.979795897,18.7,6.768308504,3.369910955,1.192713756
max_visits_25_reward_75,0.1,8,1,9,0.9,0.6,24.2,4.214261501,4.385066676,0.744674519
max_visits_75_reward_25,0.1,8,9,1,-0.71,0.604069532,17.7,9.706183596,3.205638337,1.70846606
max_reward_optimistic,0.1,8,3,7,0.5,0.916515139,20.9,11.11260546,3.808372355,1.981785871
max_reward_pessimistic,0.1,8,10,0,-0.9,0,11.4,3.352610923,2.091488957,0.612675233
max_reward_median,0.1,8,10,0,-0.9,0,9.7,2.002498439,1.778567815,0.337864588
max_reward,0.5,8,1,9,0.9,0.6,24.1,4.158124577,13.9633466,2.421067016
max_visits,0.5,8,9,1,-0.7,0.6,13.5,7.787810989,7.85083344,4.463530509
max_visits_50_reward_50,0.5,8,3,7,0.5,0.916515139,23.3,6.972087205,13.53440752,4.005321439
max_visits_25_reward_75,0.5,8,1,9,0.9,0.6,21.3,2.9,12.36079631,1.642692491
max_visits_75_reward_25,0.5,8,7,3,-0.31,0.923525852,17.1,9.20271699,9.905956078,5.299568718
max_reward_optimistic,0.5,8,0,10,1.1,0,24.2,2.856571371,14.03064308,1.675231597
max_reward_pessimistic,0.5,8,10,0,-0.9,0,7.3,1.417744688,4.282079244,0.814636379
max_reward_median,0.5,8,10,0,-0.9,0,9.5,4.588027899,5.576035595,2.651623075
max_reward,1,8,1,9,0.9,0.6,21.5,4.318564576,23.2172406,4.60166481
max_visits,1,8,8,2,-0.5,0.8,19,9.848857802,20.49610837,10.57112763
max_visits_50_reward_50,1,8,4,6,0.3,0.979795897,21.6,10.10148504,23.32984695,10.8092562
max_visits_25_reward_75,1,8,2,8,0.7,0.8,20.8,3.919183588,22.48355541,4.205384089
max_visits_75_reward_25,1,8,8,2,-0.5,0.8,18.8,8.77268488,20.33489885,9.453134136
max_reward_optimistic,1,8,0,10,1.1,0,24.8,3.736308338,26.80860791,3.98872856
max_reward_pessimistic,1,8,10,0,-0.9,0,6.4,0.8,6.994603372,0.88938829
max_reward_median,1,8,10,0,-0.9,0,9.8,3.515679166,10.62360001,3.804318812
max_reward,2,8,1,9,0.9,0.6,20.9,3.47706773,43.58654122,7.22954939
max_visits,2,8,8,2,-0.5,0.8,18.1,10.30970417,37.76716628,21.44090641
max_visits_50_reward_50,2,8,6,4,-0.1,0.979795897,19.4,8.224354078,40.4394217,17.087253
max_visits_25_reward_75,2,8,1,9,0.9,0.6,20.1,3.419064199,41.93735213,7.084004782
max_visits_75_reward_25,2,8,9,1,-0.7,0.6,15.5,6.591661399,32.35420415,13.75205018
max_reward_optimistic,2,8,0,10,1.1,0,21.8,1.6,45.47284806,3.293400939
max_reward_pessimistic,2,8,10,0,-0.9,0,6.3,0.640312424,13.20725615,1.334472646
max_reward_median,2,8,10,0,-0.9,0,10,3.605551275,20.84113283,7.494311745
max_reward,0.1,9,0,10,1.1,0,19.6,2.939387691,3.55354712,0.528956438
max_visits,0.1,9,6,4,-0.12,0.996794864,18.9,4.7,3.428336382,0.82895918
max_visits_50_reward_50,0.1,9,3,7,0.49,0.932148057,19,4.837354649,3.458676982,0.867945562
max_visits_25_reward_75,0.1,9,0,10,1.1,0,19.6,1.743559577,3.562836099,0.31600585
max_visits_75_reward_25,0.1,9,4,6,0.28,1.004788535,22.2,6.705221846,4.004369736,1.193618398
max_reward_optimistic,0.1,9,0,10,1.1,0,19,1.341640786,3.448467183,0.23136024
max_reward_pessimistic,0.1,9,10,0,-0.9,0,9.6,2.332380758,1.780513644,0.42090844
max_reward_median,0.1,9,10,0,-0.9,0,12,3.065941943,2.204215026,0.545627944
max_reward,0.5,9,0,10,1.1,0,17.2,1.833030278,9.954497075,1.04760463
max_visits,0.5,9,7,3,-0.31,0.923525852,19,5.234500931,10.99119349,3.011460003
max_visits_50_reward_50,0.5,9,0,10,1.1,0,21.8,2.749545417,12.61468303,1.607859537
max_visits_25_reward_75,0.5,9,0,10,1.1,0,16.6,0.916515139,9.611703944,0.524415204
max_visits_75_reward_25,0.5,9,5,5,0.1,1,18.7,7.772387021,10.83047094,4.47114325
max_reward_optimistic,0.5,9,0,10,1.1,0,18.8,2.856571371,10.87864633,1.624669208
max_reward_pessimistic,0.5,9,10,0,-0.9,0,7.6,1.2,4.466513181,0.681161668
max_reward_median,0.5,9,10,0,-0.9,0,8.6,2.537715508,5.053014207,1.465508693
max_reward,1,9,0,10,1.1,0,17,1.341640786,18.35151112,1.421569681
max_visits,1,9,7,3,-0.31,0.923525852,14.3,7.29451849,15.4702477,7.822596197
max_visits_50_reward_50,1,9,3,7,0.5,0.916515139,18.7,5.728001397,20.17916324,6.146945771
max_visits_25_reward_75,1,9,0,10,1.1,0,16.8,1.326649916,18.13822694,1.441474455
max_visits_75_reward_25,1,9,5,5,0.1,1,17.9,7.82879301,19.30871186,8.412501161
max_reward_optimistic,1,9,0,10,1.1,0,17.2,1.326649916,18.56454854,1.442389879
max_reward_pessimistic,1,9,10,0,-0.9,0,6.8,1.326649916,7.39342525,1.414674416
max_reward_median,1,9,10,0,-0.9,0,9.7,4.517742799,10.51724677,4.855157934
max_reward,2,9,0,10,1.1,0,16.8,1.326649916,34.97825143,2.77366093
max_visits,2,9,6,4,-0.1,0.979795897,19.5,4.566180023,40.59914749,9.466604121
max_visits_50_reward_50,2,9,2,8,0.7,0.8,17.5,4.674398357,36.49830306,9.686872094
max_visits_25_reward_75,2,9,0,10,1.1,0,16.6,1.280624847,34.57337291,2.635130984
max_visits_75_reward_25,2,9,5,5,0.1,1,20.1,6.97782201,41.86312046,14.4518926
max_reward_optimistic,2,9,0,10,1.1,0,17,1,35.44711578,2.109649811
max_reward_pessimistic,2,9,10,0,-0.9,0,7.6,1.959591794,15.90170538,4.117673724
max_reward_median,2,9,10,0,-0.9,0,9,2.863564213,18.78553538,5.923131236
max_reward,0.1,10,8,2,-0.5,0.8,23.1,7.502666193,4.199461293,1.346815997
max_visits,0.1,10,10,0,-0.9,0,16.9,4.392038251,3.077382231,0.784295761
max_visits_50_reward_50,0.1,10,10,0,-0.9,0,17.2,4.578209257,3.129167986,0.802079448
max_visits_25_reward_75,0.1,10,6,4,-0.1,0.979795897,27.8,9.282241109,4.99527595,1.631452792
max_visits_75_reward_25,0.1,10,10,0,-0.9,0,14.3,3.377869151,2.60700016,0.61208941
max_reward_optimistic,0.1,10,9,1,-0.7,0.6,14.2,5.249761899,2.568042755,0.918709358
max_reward_pessimistic,0.1,10,10,0,-0.9,0,17,3.898717738,3.07797544,0.676728583
max_reward_median,0.1,10,10,0,-0.9,0,11,4.219004622,2.01867516,0.752329913
max_reward,0.5,10,10,0,-0.9,0,14.5,1.360147051,8.41494689,0.778732251
max_visits,0.5,10,10,0,-0.9,0,12.8,2.891366459,7.453641939,1.681207854
max_visits_50_reward_50,0.5,10,10,0,-0.9,0,13.1,4.614108798,7.629047012,2.659018218
max_visits_25_reward_75,0.5,10,10,0,-0.9,0,14.3,2.002498439,8.330136657,1.165859576
max_visits_75_reward_25,0.5,10,10,0,-0.9,0,10.4,1.743559577,6.082192659,0.999651597
max_reward_optimistic,0.5,10,5,5,0.1,1,24.3,8.075270893,14.13646469,4.669316837
max_reward_pessimistic,0.5,10,10,0,-0.9,0,6.8,1.326649916,4.006494331,0.755363141
max_reward_median,0.5,10,10,0,-0.9,0,9.5,3.556683849,5.568059778,2.066227011
max_reward,1,10,10,0,-0.9,0,11.6,2.332380758,12.59393559,2.527568403
max_visits,1,10,10,0,-0.9,0,13.3,3.579106034,14.4035691,3.843000206
max_visits_50_reward_50,1,10,10,0,-0.9,0,12.1,3.910242959,13.13297153,4.224319423
max_visits_25_reward_75,1,10,10,0,-0.9,0,12,2,13.01599114,2.170409579
max_visits_75_reward_25,1,10,10,0,-0.9,0,15.1,6.284106937,16.38088059,6.787379036
max_reward_optimistic,1,10,7,3,-0.3,0.916515139,19,6.678323143,20.54661968,7.197150205
max_reward_pessimistic,1,10,10,0,-0.9,0,6.2,0.6,6.764243793,0.630297951
max_reward_median,1,10,10,0,-0.9,0,7.8,1.4,8.485720587,1.522503263
max_reward,2,10,10,0,-0.9,0,11.6,1.2,24.19829764,2.480153695
max_visits,2,10,10,0,-0.9,0,11.1,1.972308292,23.16346111,4.110828006
max_visits_50_reward_50,2,10,10,0,-0.9,0,13.8,3.969886648,28.81650589,8.23917821
max_visits_25_reward_75,2,10,10,0,-0.9,0,10.6,1.280624847,22.16528118,2.663930395
max_visits_75_reward_25,2,10,10,0,-0.9,0,11.6,2.939387691,24.22794969,6.119483377
max_reward_optimistic,2,10,6,4,-0.1,0.979795897,19.6,6.651315659,40.91542244,13.83496887
max_reward_pessimistic,2,10,10,0,-0.9,0,6.4,0.663324958,13.38449392,1.386884277
max_reward_median,2,10,10,0,-0.9,0,8.2,1.886796226,17.11447911,3.942825099
max_reward,0.1,11,3,7,0.5,0.916515139,19.5,9.625487001,3.539742899,1.713912011
max_visits,0.1,11,10,0,-0.9,0,13.6,10.27813213,2.503268385,1.829598818
max_visits_50_reward_50,0.1,11,6,4,-0.1,0.979795897,17.4,8.10185164,3.17806499,1.423605285
max_visits_25_reward_75,0.1,11,0,10,1.1,0,26.4,1.496662955,4.77551465,0.253235697
max_visits_75_reward_25,0.1,11,9,1,-0.7,0.6,7.6,7.592101158,1.422626114,1.361987257
max_reward_optimistic,0.1,11,10,0,-0.9,0,3.7,0.640312424,0.738295865,0.109730687
max_reward_pessimistic,0.1,11,10,0,-0.9,0,15.3,6.634003316,2.811194825,1.19429575
max_reward_median,0.1,11,10,0,-0.9,0,4.2,1.326649916,0.823963761,0.241273298
max_reward,0.5,11,0,10,1.1,0,25,1,14.50997524,0.581183174
max_visits,0.5,11,8,2,-0.5,0.8,10.5,9.820896089,6.12719717,5.659335737
max_visits_50_reward_50,0.5,11,9,1,-0.7,0.6,8.8,7.6,5.147170448,4.380489106
max_visits_25_reward_75,0.5,11,0,10,1.1,0,24.2,0.6,14.05017574,0.353613676
max_visits_75_reward_25,0.5,11,10,0,-0.9,0,12.6,10.18037327,7.340353084,5.862349247
max_reward_optimistic,0.5,11,10,0,-0.9,0,4.6,1.019803903,2.750691009,0.599844357
max_reward_pessimistic,0.5,11,10,0,-0.9,0,17.4,5.444263036,10.18595006,3.161170078
max_reward_median,0.5,11,10,0,-0.9,0,4.2,2.315167381,2.51463201,1.357850575
max_reward,1,11,2,8,0.7,0.8,22.6,3.878143886,24.48330913,4.192158728
max_visits,1,11,9,1,-0.7,0.6,13.1,9.093404203,14.21899457,9.820140067
max_visits_50_reward_50,1,11,8,2,-0.5,0.8,16,8.613942187,17.34040174,9.293990819
max_visits_25_reward_75,1,11,0,10,1.1,0,24.4,0.8,26.40882883,0.864964396
max_visits_75_reward_25,1,11,10,0,-0.9,0,4.6,4.65188134,5.032085919,5.011107849
max_reward_optimistic,1,11,10,0,-0.9,0,4.8,0.979795897,5.255554891,1.058771003
max_reward_pessimistic,1,11,10,0,-0.9,0,9.5,1.118033989,10.32334881,1.202085191
max_reward_median,1,11,10,0,-0.9,0,4.7,2.002498439,5.147477508,2.154653704
max_reward,2,11,2,8,0.7,0.8,22.2,4.686149806,46.21406202,9.714771392
max_visits,2,11,10,0,-0.9,0,6.7,6.79779376,14.01452153,14.12042187
max_visits_50_reward_50,2,11,5,5,0.1,1,19.7,8.173738435,41.04066708,16.9852071
max_visits_25_reward_75,2,11,0,10,1.1,0,24.4,1.2,50.81944315,2.546334845
max_visits_75_reward_25,2,11,10,0,-0.9,0,4,1.483239697,8.393416357,3.089202179
max_reward_optimistic,2,11,10,0,-0.9,0,4.4,0.8,9.216261005,1.660898178
max_reward_pessimistic,2,11,10,0,-0.9,0,7,0,14.63783743,0.034087332
max_reward_median,2,11,10,0,-0.9,0,3.3,0.9,6.928371835,1.86521877
max_reward,0.1,12,1,9,0.9,0.6,34.7,5.404627647,6.283481288,0.980559952
max_visits,0.1,12,10,0,-0.9,0,9.8,6.16116872,1.820548391,1.107875629
max_visits_50_reward_50,0.1,12,8,2,-0.5,0.8,23.4,11.8,4.285471511,2.12717722
max_visits_25_reward_75,0.1,12,0,10,1.1,0,34.2,1.661324773,6.171765423,0.296830128
max_visits_75_reward_25,0.1,12,10,0,-0.9,0,12.1,11.44071676,2.247017407,2.050161721
max_reward_optimistic,0.1,12,10,0,-0.9,0,7.6,0.8,1.439971685,0.144904518
max_reward_pessimistic,0.1,12,10,0,-0.9,0,16,1.095445115,2.940840602,0.186172329
max_reward_median,0.1,12,10,0,-0.9,0,4.3,2.93428015,0.84064467,0.518047927
max_reward,0.5,12,0,10,1.1,0,35.2,2.4,20.44597876,1.385380556
max_visits,0.5,12,10,0,-0.9,0,7,4.91934955,4.10803709,2.831012059
max_visits_50_reward_50,0.5,12,9,1,-0.7,0.6,19.3,10.68690788,11.22955549,6.162504877
max_visits_25_reward_75,0.5,12,0,10,1.1,0,33.4,1.280624847,19.39718413,0.732414963
max_visits_75_reward_25,0.5,12,10,0,-0.9,0,11,6.870225615,6.437690067,3.979960912
max_reward_optimistic,0.5,12,10,0,-0.9,0,8.8,0.748331477,5.16029501,0.423311618
max_reward_pessimistic,0.5,12,10,0,-0.9,0,10.8,3.249615362,6.323857355,1.873887924
max_reward_median,0.5,12,10,0,-0.9,0,5.6,2.690724809,3.306426597,1.557844422
max_reward,1,12,0,10,1.1,0,34.6,1.280624847,37.45962718,1.376093106
max_visits,1,12,10,0,-0.9,0,11.3,6.1,12.24568207,6.573147396
max_visits_50_reward_50,1,12,10,0,-0.9,0,16.7,10.45035885,18.06401863,11.26522738
max_visits_25_reward_75,1,12,0,10,1.1,0,32.8,1.6,35.46384273,1.739674619
max_visits_75_reward_25,1,12,10,0,-0.9,0,9.7,4.9,10.52589688,5.263837578
max_reward_optimistic,1,12,10,0,-0.9,0,9.2,0.748331477,9.997197723,0.805985163
max_reward_pessimistic,1,12,10,0,-0.9,0,7.5,2.418677324,8.168658948,2.605106937
max_reward_median,1,12,10,0,-0.9,0,3.8,2.039607805,4.168536925,2.191467316
max_reward,2,12,0,10,1.1,0,34.2,1.661324773,71.2172462,3.446287014
max_visits,2,12,10,0,-0.9,0,10.3,6.783067153,21.50856366,14.11195136
max_visits_50_reward_50,2,12,9,1,-0.7,0.6,19.4,11.56892389,40.42566476,24.06301737
max_visits_25_reward_75,2,12,0,10,1.1,0,34.2,1.077032961,71.25466065,2.253362819
max_visits_75_reward_25,2,12,10,0,-0.9,0,7.7,6.481512169,16.0796458,13.4846034
max_reward_optimistic,2,12,10,0,-0.9,0,9.3,0.640312424,19.41301613,1.346574604
max_reward_pessimistic,2,12,10,0,-0.9,0,6.3,0.9,13.18377626,1.878582969
max_reward_median,2,12,10,0,-0.9,0,5.4,3.440930107,11.29735284,7.151257902
max_reward,0.1,13,0,10,1.1,0,13,0,2.367112136,0.027203555
max_visits,0.1,13,10,0,-0.9,0,1.4,0.663324958,0.319403863,0.118601263
max_visits_50_reward_50,0.1,13,6,4,-0.1,0.979795897,7.3,5.568662317,1.374730253,0.989174189
max_visits_25_reward_75,0.1,13,0,10,1.1,0,13,0,2.389460611,0.028556979
max_visits_75_reward_25,0.1,13,9,1,-0.7,0.6,3.3,3.348133809,0.650210166,0.581565544
max_reward_optimistic,0.1,13,6,4,-0.1,0.979795897,8.8,3.42928564,1.641010141,0.597366392
max_reward_pessimistic,0.1,13,10,0,-0.9,0,1.8,0.979795897,0.387913179,0.179477306
max_reward_median,0.1,13,10,0,-0.9,0,1.5,0.670820393,0.346137762,0.125603635
max_reward,0.5,13,0,10,1.1,0,13,0,7.589155269,0.027757374
max_visits,0.5,13,10,0,-0.9,0,1.6,0.663324958,1.004672313,0.389746709
max_visits_50_reward_50,0.5,13,8,2,-0.5,0.8,6.6,4.943682838,3.882164526,2.857840463
max_visits_25_reward_75,0.5,13,0,10,1.1,0,13,0,7.583271503,0.027128739
max_visits_75_reward_25,0.5,13,9,1,-0.7,0.6,2.6,3.498571137,1.582706594,2.01440368
max_reward_optimistic,0.5,13,0,10,1.1,0,13,0,7.578616619,0.022708389
max_reward_pessimistic,0.5,13,10,0,-0.9,0,1.3,0.640312424,0.824939609,0.379715033
max_reward_median,0.5,13,10,0,-0.9,0,2.2,1.4,1.337413239,0.797186819
max_reward,1,13,0,10,1.1,0,13,0,14.07895887,0.017877082
max_visits,1,13,10,0,-0.9,0,1.8,0.979795897,2.01482091,1.050032942
max_visits_50_reward_50,1,13,6,4,-0.1,0.979795897,6.3,5.586591089,6.871580648,6.041586403
max_visits_25_reward_75,1,13,0,10,1.1,0,13,0,14.09241138,0.027183231
max_visits_75_reward_25,1,13,10,0,-0.9,0,1.5,0.5,1.694181037,0.530586372
max_reward_optimistic,1,13,0,10,1.1,0,13,0,14.10114143,0.028314549
max_reward_pessimistic,1,13,10,0,-0.9,0,1.1,0.3,1.26504705,0.321173362
max_reward_median,1,13,10,0,-0.9,0,2.3,1.791647287,2.553568149,1.931223204
max_reward,2,13,0,10,1.1,0,13,0,27.11304157,0.026806341
max_visits,2,13,10,0,-0.9,0,1.5,0.670820393,3.186911321,1.391131133
max_visits_50_reward_50,2,13,10,0,-0.9,0,3.3,3.06757233,6.940578604,6.380053008
max_visits_25_reward_75,2,13,0,10,1.1,0,13,0,27.10843613,0.043109146
max_visits_75_reward_25,2,13,9,1,-0.7,0.6,3.1,3.47706773,6.53027997,7.243813014
max_reward_optimistic,2,13,0,10,1.1,0,13,0,27.13843987,0.025449265
max_reward_pessimistic,2,13,10,0,-0.9,0,1,0,2.158479095,0.014821904
max_reward_median,2,13,10,0,-0.9,0,1.4,1.2,2.989617634,2.487321059
max_reward,0.1,14,4,6,0.3,0.979795897,17.9,1.135781669,3.295332384,0.187833133
max_visits,0.1,14,10,0,-0.9,0,1.7,1.004987562,0.386302543,0.192666569
max_visits_50_reward_50,0.1,14,8,2,-0.5,0.8,10,6.32455532,1.851610088,1.114351709
max_visits_25_reward_75,0.1,14,1,9,0.9,0.6,18.9,0.7,3.445437336,0.132884195
max_visits_75_reward_25,0.1,14,10,0,-0.9,0,2.6,3.261901286,0.54633255,0.588805788
max_reward_optimistic,0.1,14,9,1,-0.7,0.6,7.1,3.3,1.340106344,0.605799578
max_reward_pessimistic,0.1,14,10,0,-0.9,0,5.3,5.292447449,1.022699237,0.94773116
max_reward_median,0.1,14,10,0,-0.9,0,2.8,2.181742423,0.57785542,0.393613765
max_reward,0.5,14,0,10,1.1,0,18,1,10.5055177,0.579530395
max_visits,0.5,14,10,0,-0.9,0,2.7,3.163858404,1.64321456,1.84670412
max_visits_50_reward_50,0.5,14,10,0,-0.9,0,3.4,3.168595904,2.049423671,1.820783495
max_visits_25_reward_75,0.5,14,0,10,1.1,0,17.8,0.979795897,10.37274182,0.557130999
max_visits_75_reward_25,0.5,14,10,0,-0.9,0,2,1.264911064,1.23897388,0.729944555
max_reward_optimistic,0.5,14,3,7,0.5,0.916515139,14.3,5.496362433,8.375542569,3.183010499
max_reward_pessimistic,0.5,14,10,0,-0.9,0,1.1,0.3,0.714835119,0.168668027
max_reward_median,0.5,14,10,0,-0.9,0,2.6,1.428285686,1.582416701,0.830434369
max_reward,1,14,0,10,1.1,0,18,1,19.50825911,1.07014016
max_visits,1,14,10,0,-0.9,0,2.2,1.166190379,2.454523182,1.245635649
max_visits_50_reward_50,1,14,10,0,-0.9,0,2.9,1.220655562,3.21063354,1.309832892
max_visits_25_reward_75,1,14,0,10,1.1,0,17.6,0.916515139,19.06482351,1.000921607
max_visits_75_reward_25,1,14,10,0,-0.9,0,1.2,0.4,1.369932985,0.435131925
max_reward_optimistic,1,14,2,8,0.7,0.8,15.2,4.664761516,16.47516656,5.049710737
max_reward_pessimistic,1,14,10,0,-0.9,0,1,0,1.155375886,0.010045756
max_reward_median,1,14,10,0,-0.9,0,1.6,0.489897949,1.811538029,0.530859373
max_reward,2,14,0,10,1.1,0,18.4,0.916515139,38.34941752,1.905334422
max_visits,2,14,10,0,-0.9,0,1.8,0.748331477,3.825989056,1.563972297
max_visits_50_reward_50,2,14,9,1,-0.7,0.6,6,5.796550698,12.55807347,12.06067126
max_visits_25_reward_75,2,14,0,10,1.1,0,18.6,0.8,38.83032093,1.670630232
max_visits_75_reward_25,2,14,10,0,-0.9,0,4.4,4.2,9.246121264,8.748528606
max_reward_optimistic,2,14,1,9,0.9,0.6,16.5,3.612478374,34.43006561,7.523834353
max_reward_pessimistic,2,14,10,0,-0.9,0,1,0,2.159591436,0.016464128
max_reward_median,2,14,10,0,-0.9,0,1.7,0.781024968,3.612227082,1.618505982
max_reward,0.1,15,4,6,0.3,0.979795897,21.9,3.88458492,3.995000744,0.683334769
max_visits,0.1,15,10,0,-0.9,0,1.6,0.663324958,0.364308381,0.112205692
max_visits_50_reward_50,0.1,15,10,0,-0.91,0.03,7.7,9.176600678,1.451380205,1.640169507
max_visits_25_reward_75,0.1,15,5,5,0.1,1,22.7,3.634556369,4.110672331,0.654314685
max_visits_75_reward_25,0.1,15,10,0,-0.9,0,1.6,1.019803903,0.364656997,0.172554854
max_reward_optimistic,0.1,15,10,0,-0.9,0,4.4,2.059126028,0.85662272,0.365955567
max_reward_pessimistic,0.1,15,10,0,-0.9,0,2.6,1.113552873,0.53298018,0.194826914
max_reward_median,0.1,15,10,0,-0.9,0,1.7,0.458257569,0.379431844,0.083081509
max_reward,0.5,15,3,7,0.5,0.916515139,22.7,3.551056181,13.19834619,2.062820856
max_visits,0.5,15,10,0,-0.9,0,1.6,0.8,1.007468653,0.46529839
max_visits_50_reward_50,0.5,15,10,0,-0.9,0,6.3,7.810889834,3.708612394,4.506535635
max_visits_25_reward_75,0.5,15,3,7,0.5,0.916515139,21.9,3.7,12.7663974,2.122647669
max_visits_75_reward_25,0.5,15,10,0,-0.9,0,2.2,1.53622915,1.348566079,0.898766384
max_reward_optimistic,0.5,15,10,0,-0.9,0,6,0,3.55191474,0.018512817
max_reward_pessimistic,0.5,15,10,0,-0.9,0,1,0,0.655225921,0.020786447
max_reward_median,0.5,15,10,0,-0.9,0,1.2,0.4,0.7740448,0.221023812
max_reward,1,15,0,10,1.1,0,24.2,0.6,26.19230154,0.660163041
max_visits,1,15,10,0,-0.9,0,1.7,0.9,1.91642077,0.962807702
max_visits_50_reward_50,1,15,10,0,-0.9,0,3.7,3.950949253,4.065697312,4.262665569
max_visits_25_reward_75,1,15,0,10,1.1,0,24.4,0.8,26.41646602,0.874132981
max_visits_75_reward_25,1,15,10,0,-0.9,0,1.7,1.004987562,1.911734796,1.0872571
max_reward_optimistic,1,15,9,1,-0.7,0.6,7.8,5.4,8.494175911,5.821183037
max_reward_pessimistic,1,15,10,0,-0.9,0,1,0,1.162741327,0.02551673
max_reward_median,1,15,10,0,-0.9,0,2.2,1.53622915,2.448382831,1.665486348
max_reward,2,15,0,10,1.1,0,24,0,50.02546625,0.022511113
max_visits,2,15,10,0,-0.9,0,3.6,3.072458299,7.564526534,6.402741067
max_visits_50_reward_50,2,15,10,0,-0.9,0,5.8,7.138627319,12.13575034,14.82766475
max_visits_25_reward_75,2,15,0,10,1.1,0,24,0,50.00339806,0.029188614
max_visits_75_reward_25,2,15,10,0,-0.9,0,2.2,1.166190379,4.657216382,2.43229524
max_reward_optimistic,2,15,8,2,-0.5,0.8,9.6,7.2,20.0460284,14.95779256
max_reward_pessimistic,2,15,10,0,-0.9,0,1,0,2.152875662,0.013592989
max_reward_median,2,15,10,0,-0.9,0,2.2,1.469693846,4.649380493,3.051775676
max_reward,0.1,16,10,0,-0.9,0,7.7,1.676305461,1.441628814,0.30295396
max_visits,0.1,16,10,0,-0.9,0,1.4,0.663324958,0.317585421,0.114071365
max_visits_50_reward_50,0.1,16,10,0,-0.9,0,4.8,4.975942122,0.925059319,0.858316433
max_visits_25_reward_75,0.1,16,10,0,-0.9,0,8.6,2.244994432,1.58808651,0.39547738
max_visits_75_reward_25,0.1,16,10,0,-0.9,0,3,1.897366596,0.614390779,0.332357552
max_reward_optimistic,0.1,16,10,0,-0.9,0,11,2,2.024210048,0.360566504
max_reward_pessimistic,0.1,16,10,0,-0.9,0,1.8,0.748331477,0.39796946,0.143486183
max_reward_median,0.1,16,10,0,-0.9,0,1.8,0.871779789,0.394015837,0.160688254
max_reward,0.5,16,10,0,-0.9,0,5.5,0.5,3.255602336,0.298399513
max_visits,0.5,16,10,0,-0.9,0,2,1.414213562,1.231688309,0.808817711
max_visits_50_reward_50,0.5,16,10,0,-0.9,0,4,1.673320053,2.387548757,0.967688074
max_visits_25_reward_75,0.5,16,10,0,-0.9,0,5.7,0.458257569,3.368735862,0.268209982
max_visits_75_reward_25,0.5,16,10,0,-0.9,0,1.8,1.166190379,1.110842752,0.673898748
max_reward_optimistic,0.5,16,10,0,-0.9,0,9,0,5.284620357,0.017021715
max_reward_pessimistic,0.5,16,10,0,-0.9,0,1,0,0.654201055,0.018104884
max_reward_median,0.5,16,10,0,-0.9,0,2,0.894427191,1.236137319,0.52754182
max_reward,1,16,10,0,-0.9,0,5,0.447213595,5.484399486,0.4774243
max_visits,1,16,10,0,-0.9,0,2.4,1.428285686,2.664517498,1.534730588
max_visits_50_reward_50,1,16,10,0,-0.9,0,3.1,1.577973384,3.424950743,1.705943208
max_visits_25_reward_75,1,16,10,0,-0.9,0,5,0.447213595,5.472713137,0.472584599
max_visits_75_reward_25,1,16,10,0,-0.9,0,2.1,0.943398113,2.342811108,1.011805521
max_reward_optimistic,1,16,10,0,-0.9,0,9,0,9.805189514,0.013700359
max_reward_pessimistic,1,16,10,0,-0.9,0,1,0,1.15661943,0.017790655
max_reward_median,1,16,10,0,-0.9,0,2.6,1.2,2.879817009,1.281850614
max_reward,2,16,10,0,-0.9,0,4,0,8.401331258,0.016077687
max_visits,2,16,10,0,-0.9,0,1.7,0.9,3.615544462,1.871295582
max_visits_50_reward_50,2,16,10,0,-0.9,0,2.3,1.486606875,4.865881324,3.10151085
max_visits_25_reward_75,2,16,10,0,-0.9,0,4.2,0.6,8.817077804,1.268312636
max_visits_75_reward_25,2,16,10,0,-0.9,0,1.6,0.8,3.402014923,1.664200516
max_reward_optimistic,2,16,10,0,-0.9,0,9,0,18.80167587,0.030653108
max_reward_pessimistic,2,16,10,0,-0.9,0,1,0,2.154407334,0.017377976
max_reward_median,2,16,10,0,-0.9,0,2.7,1.417744688,5.691807294,2.953928165
max_reward,0.1,17,10,0,-0.9,0,9.8,2.181742423,1.796709156,0.389692155
max_visits,0.1,17,10,0,-0.9,0,2,0.774596669,0.433947897,0.143388546
max_visits_50_reward_50,0.1,17,10,0,-0.9,0,2.5,1.431782106,0.511784673,0.255166234
max_visits_25_reward_75,0.1,17,9,1,-0.7,0.6,10.1,3.238826948,1.85738194,0.564640614
max_visits_75_reward_25,0.1,17,10,0,-0.9,0,1.6,0.663324958,0.362773037,0.112968763
max_reward_optimistic,0.1,17,7,3,-0.3,0.916515139,13.4,3.666060556,2.439280939,0.641411641
max_reward_pessimistic,0.1,17,10,0,-0.9,0,1.7,0.640312424,0.372551799,0.122027947
max_reward_median,0.1,17,10,0,-0.9,0,1.7,1.004987562,0.381771135,0.174068844
max_reward,0.5,17,10,0,-0.9,0,6.5,1.360147051,3.823154664,0.785352461
max_visits,0.5,17,10,0,-0.9,0,2.6,1.2,1.5832021,0.703779597
max_visits_50_reward_50,0.5,17,10,0,-0.9,0,3.5,1.802775638,2.097853041,1.046659951
max_visits_25_reward_75,0.5,17,10,0,-0.9,0,5.6,0.489897949,3.306122637,0.284219885
max_visits_75_reward_25,0.5,17,10,0,-0.9,0,2.2,1.469693846,1.344227457,0.853059112
max_reward_optimistic,0.5,17,0,10,1.1,0,17.2,0.6,10.0082581,0.335183531
max_reward_pessimistic,0.5,17,10,0,-0.9,0,1.1,0.3,0.7126472,0.169743552
max_reward_median,0.5,17,10,0,-0.9,0,1.4,0.916515139,0.883221459,0.525343593
max_reward,1,17,10,0,-0.9,0,5.3,0.640312424,5.792193961,0.684494753
max_visits,1,17,10,0,-0.9,0,2.2,1.53622915,2.453377533,1.659023167
max_visits_50_reward_50,1,17,10,0,-0.9,0,3.4,2.764054992,3.739682102,2.983039784
max_visits_25_reward_75,1,17,10,0,-0.9,0,4.9,1.135781669,5.357548666,1.231053992
max_visits_75_reward_25,1,17,10,0,-0.9,0,2.1,1.374772708,2.34397831,1.484459817
max_reward_optimistic,1,17,0,10,1.1,0,17.4,0.8,18.8510263,0.874143826
max_reward_pessimistic,1,17,10,0,-0.9,0,1,0,1.155214405,0.015406931
max_reward_median,1,17,10,0,-0.9,0,2.5,1.284523258,2.767745709,1.382628498
max_reward,2,17,10,0,-0.9,0,4.5,0.806225775,9.42298553,1.675340648
max_visits,2,17,10,0,-0.9,0,1.9,1.220655562,4.025332808,2.534512496
max_visits_50_reward_50,2,17,10,0,-0.9,0,3.5,1.204159458,7.357529163,2.508903745
max_visits_25_reward_75,2,17,10,0,-0.9,0,4.6,0.8,9.635928416,1.673322471
max_visits_75_reward_25,2,17,10,0,-0.9,0,2.6,1.113552873,5.480385804,2.314595414
max_reward_optimistic,2,17,0,10,1.1,0,17,0,35.43775933,0.042684321
max_reward_pessimistic,2,17,10,0,-0.9,0,1,0,2.158358598,0.017563647
max_reward_median,2,17,10,0,-0.9,0,2.5,1.118033989,5.266754365,2.314122332
max_reward,0.1,18,5,5,0.1,1,12.4,5.607138308,2.259684491,0.949609898
max_visits,0.1,18,10,0,-0.9,0,2.6,2.154065923,0.52987721,0.374737408
max_visits_50_reward_50,0.1,18,7,3,-0.3,0.916515139,8.9,7.408778577,1.632653356,1.292756019
max_visits_25_reward_75,0.1,18,2,8,0.7,0.8,16,4.538722287,2.885464549,0.7963629
max_visits_75_reward_25,0.1,18,10,0,-0.9,0,6.6,7.172168431,1.219712186,1.232694373
max_reward_optimistic,0.1,18,4,6,0.3,0.979795897,13.7,7.071774883,2.479145408,1.23744959
max_reward_pessimistic,0.1,18,10,0,-0.9,0,6.7,2.722131518,1.240565085,0.472438792
max_reward_median,0.1,18,10,0,-0.9,0,3.6,2.2,0.710460782,0.387712127
max_reward,0.5,18,1,9,0.9,0.6,16.7,3.9,9.670104861,2.231594023
max_visits,0.5,18,10,0,-0.9,0,1.7,1.187434209,1.044799352,0.675736746
max_visits_50_reward_50,0.5,18,10,0,-0.9,0,3.6,3.039736831,2.155440426,1.741214412
max_visits_25_reward_75,0.5,18,0,10,1.1,0,18,0,10.45236745,0.016782833
max_visits_75_reward_25,0.5,18,10,0,-0.9,0,2.9,4.721228654,1.737942147,2.711879637
max_reward_optimistic,0.5,18,3,7,0.5,0.916515139,14,6.57267069,8.148898172,3.791640053
max_reward_pessimistic,0.5,18,10,0,-0.9,0,1.1,0.3,0.707850909,0.17145721
max_reward_median,0.5,18,10,0,-0.9,0,2.3,1.187434209,1.398098421,0.681166192
max_reward,1,18,0,10,1.1,0,18,0,19.46472309,0.026886006
max_visits,1,18,10,0,-0.9,0,4.1,4.614108798,4.499070001,4.956586241
max_visits_50_reward_50,1,18,8,2,-0.5,0.8,5.2,6.53911309,5.677505088,7.052455909
max_visits_25_reward_75,1,18,1,9,0.9,0.6,16.8,3.6,18.17296529,3.885213247
max_visits_75_reward_25,1,18,10,0,-0.9,0,6.1,6.57951366,6.637981343,7.078062712
max_reward_optimistic,1,18,7,3,-0.3,0.916515139,8.6,7.045565982,9.337183118,7.592426725
max_reward_pessimistic,1,18,10,0,-0.9,0,1,0,1.150667715,0.014775554
max_reward_median,1,18,10,0,-0.9,0,2.2,1.469693846,2.443358874,1.593098348
max_reward,2,18,0,10,1.1,0,18,0,37.4827445,0.03371893
max_visits,2,18,10,0,-0.9,0,4.4,5.351635264,9.220362496,11.11038073
max_visits_50_reward_50,2,18,9,1,-0.7,0.6,7.5,7.605918748,15.6475116,15.79555042
max_visits_25_reward_75,2,18,2,8,0.7,0.8,15.5,5.004997502,32.27887614,10.38698356
max_visits_75_reward_25,2,18,10,0,-0.9,0,3.6,5.257375771,7.559760714,10.91868713
max_reward_optimistic,2,18,1,9,0.9,0.6,16.6,4.2,34.56019223,8.734176096
max_reward_pessimistic,2,18,10,0,-0.9,0,1,0,2.143712544,0.015058702
max_reward_median,2,18,10,0,-0.9,0,1.5,0.921954446,3.189089942,1.904259681
max_reward,0.1,19,8,2,-0.5,0.8,14.6,5.21919534,2.607306314,0.908806047
max_visits,0.1,19,10,0,-0.9,0,5.4,5.589275445,1.008225703,0.968813538
max_visits_50_reward_50,0.1,19,9,1,-0.7,0.6,9.2,6.867313885,1.684809566,1.200343082
max_visits_25_reward_75,0.1,19,5,5,0.1,1,16.3,5.273518749,2.903983068,0.914486601
max_visits_75_reward_25,0.1,19,10,0,-0.9,0,1.4,0.489897949,0.316178632,0.089077327
max_reward_optimistic,0.1,19,10,0,-0.9,0,7.7,4.337049688,1.40490582,0.750700316
max_reward_pessimistic,0.1,19,10,0,-0.9,0,4.5,4.82182538,0.849441433,0.827126224
max_reward_median,0.1,19,10,0,-0.9,0,2.5,1.910497317,0.510554385,0.339100514
max_reward,0.5,19,0,10,1.1,0,18,0,10.41351607,0.027185828
max_visits,0.5,19,10,0,-0.9,0,5.7,8.764131446,3.34535594,5.028227576
max_visits_50_reward_50,0.5,19,6,4,-0.1,0.979795897,10.8,9.206519429,6.288441014,5.301879498
max_visits_25_reward_75,0.5,19,0,10,1.1,0,18,0,10.43476086,0.028380424
max_visits_75_reward_25,0.5,19,10,0,-0.9,0,8.3,9.602603814,4.862644458,5.531475378
max_reward_optimistic,0.5,19,10,0,-0.9,0,7,2.449489743,4.099055171,1.414645095
max_reward_pessimistic,0.5,19,10,0,-0.9,0,1,0,0.652579975,0.0144533
max_reward_median,0.5,19,10,0,-0.9,0,2.1,2.022374842,1.285273576,1.168746867
max_reward,1,19,0,10,1.1,0,18,0,19.44579084,0.037194708
max_visits,1,19,10,0,-0.9,0,3.8,6.749814812,4.160657644,7.249510264
max_visits_50_reward_50,1,19,7,3,-0.3,0.916515139,12.5,9.135097153,13.5425185,9.833716596
max_visits_25_reward_75,1,19,0,10,1.1,0,18,0,19.44408927,0.031060978
max_visits_75_reward_25,1,19,8,2,-0.5,0.8,7.3,8.764131446,7.930696917,9.441000507
max_reward_optimistic,1,19,10,0,-0.9,0,6.5,2.5,7.082105541,2.702901059
max_reward_pessimistic,1,19,10,0,-0.9,0,1,0,1.157265735,0.015974794
max_reward_median,1,19,10,0,-0.9,0,2,1.549193338,2.229483843,1.677019199
max_reward,2,19,0,10,1.1,0,18,0,37.49181967,0.031107338
max_visits,2,19,9,1,-0.7,0.6,3.4,5.003998401,7.142188978,10.38514862
max_visits_50_reward_50,2,19,8,2,-0.5,0.8,11.1,7.854298186,23.14879251,16.33229851
max_visits_25_reward_75,2,19,0,10,1.1,0,18,0,37.47513976,0.029722224
max_visits_75_reward_25,2,19,10,0,-0.9,0,3.6,4.983974318,7.560783267,10.34683144
max_reward_optimistic,2,19,9,1,-0.7,0.6,6.9,4.323193264,14.41544907,8.982866427
max_reward_pessimistic,2,19,10,0,-0.9,0,1,0,2.153133488,0.016722499
max_reward_median,2,19,10,0,-0.9,0,2.5,1.74642492,5.264971733,3.616333559
max_reward,0.1,20,0,10,1.1,0,25,1.341640786,4.477615571,0.241946541
max_visits,0.1,20,10,0,-0.9,0,6,7.615773106,1.130564547,1.33008444
max_visits_50_reward_50,0.1,20,10,0,-0.9,0,4.1,5.769748695,0.799811482,1.008470541
max_visits_25_reward_75,0.1,20,0,10,1.1,0,25.4,1.280624847,4.570520902,0.214389132
max_visits_75_reward_25,0.1,20,10,0,-0.9,0,5.7,7.376313442,1.081455374,1.298675536
max_reward_optimistic,0.1,20,0,10,1.1,0,25.8,1.4,4.640693903,0.244799799
max_reward_pessimistic,0.1,20,10,0,-0.9,0,5.1,5.90677577,0.963679957,1.026101741
max_reward_median,0.1,20,10,0,-0.9,0,2.3,1.486606875,0.47711463,0.271598568
max_reward,0.5,20,0,10,1.1,0,24.2,0.6,14.01002481,0.334022047
max_visits,0.5,20,10,0,-0.9,0,5.4,7.364781056,3.191305113,4.24436037
max_visits_50_reward_50,0.5,20,8,2,-0.5,0.8,12.7,11.85790875,7.401044631,6.837295601
max_visits_25_reward_75,0.5,20,0,10,1.1,0,24.2,0.6,14.00080714,0.367852434
max_visits_75_reward_25,0.5,20,10,0,-0.9,0,3.6,4.92341345,2.152065015,2.826696518
max_reward_optimistic,0.5,20,0,10,1.1,0,24.6,0.916515139,14.25293102,0.522642657
max_reward_pessimistic,0.5,20,10,0,-0.9,0,1.1,0.3,0.713229942,0.168217558
max_reward_median,0.5,20,10,0,-0.9,0,2.7,1.345362405,1.617744541,0.771513226
max_reward,1,20,0,10,1.1,0,24,0,25.91474345,0.036716641
max_visits,1,20,10,0,-0.9,0,7,10.57355191,7.623687625,11.38743884
max_visits_50_reward_50,1,20,7,3,-0.3,0.916515139,14.5,10.71680923,15.68423932,11.52064906
max_visits_25_reward_75,1,20,0,10,1.1,0,24,0,25.90721653,0.039984905
max_visits_75_reward_25,1,20,10,0,-0.9,0,7.1,9.72059669,7.713256073,10.45597466
max_reward_optimistic,1,20,0,10,1.1,0,24,0.894427191,25.91156714,0.970895279
max_reward_pessimistic,1,20,10,0,-0.9,0,1,0,1.157172394,0.023915317
max_reward_median,1,20,10,0,-0.9,0,2.5,1.284523258,2.762734103,1.390622365
max_reward,2,20,0,10,1.1,0,24,0,49.90879498,0.057858857
max_visits,2,20,9,1,-0.7,0.6,4.5,6.652067348,9.418003416,13.80514696
max_visits_50_reward_50,2,20,8,2,-0.5,0.8,7,9.37016542,14.6045747,19.44503929
max_visits_25_reward_75,2,20,0,10,1.1,0,24,0,49.91142504,0.047730869
max_visits_75_reward_25,2,20,9,1,-0.7,0.6,5,8.461678321,10.46025934,17.56089246
max_reward_optimistic,2,20,0,10,1.1,0,24,0,49.9030956,0.055683446
max_reward_pessimistic,2,20,10,0,-0.9,0,1,0,2.163461566,0.032414607
max_reward_median,2,20,10,0,-0.9,0,1.9,1.374772708,4.02409296,2.857330778
max_reward,0.1,21,0,10,1.1,0,25.2,2.039607805,4.47466476,0.389817407
max_visits,0.1,21,10,0,-0.9,0,4.3,9.24175308,0.821733141,1.598988708
max_visits_50_reward_50,0.1,21,9,1,-0.7,0.6,5.3,7.114070565,0.999284196,1.251203431
max_visits_25_reward_75,0.1,21,0,10,1.1,0,24.6,0.916515139,4.376587749,0.167459655
max_visits_75_reward_25,0.1,21,10,0,-0.91,0.03,6.4,9.850888285,1.202144599,1.719360974
max_reward_optimistic,0.1,21,0,10,1.1,0,25.8,1.4,4.623729587,0.239470019
max_reward_pessimistic,0.1,21,10,0,-0.9,0,6.7,5.423098745,1.25118916,0.935419027
max_reward_median,0.1,21,10,0,-0.9,0,3,1.843908891,0.599837208,0.331143079
max_reward,0.5,21,0,10,1.1,0,24.2,0.6,13.98198748,0.339764106
max_visits,0.5,21,10,0,-0.9,0,4.4,7.282856582,2.610164142,4.185108026
max_visits_50_reward_50,0.5,21,9,1,-0.7,0.6,6.2,8.518215776,3.629582739,4.890120353
max_visits_25_reward_75,0.5,21,0,10,1.1,0,24.2,0.6,13.95600679,0.347714713
max_visits_75_reward_25,0.5,21,10,0,-0.9,0,7,10.23718711,4.096653891,5.894877356
max_reward_optimistic,0.5,21,0,10,1.1,0,24,0.894427191,13.84485116,0.491409549
max_reward_pessimistic,0.5,21,10,0,-0.9,0,1,0,0.644841695,0.020601791
max_reward_median,0.5,21,10,0,-0.9,0,2.4,1.562049935,1.454605317,0.897612533
max_reward,1,21,0,10,1.1,0,24.4,0.8,26.33914802,0.876772755
max_visits,1,21,9,1,-0.7,0.6,6.6,10.0518655,7.178560734,10.79246519
max_visits_50_reward_50,1,21,8,2,-0.5,0.8,10.7,10.85403151,11.58662539,11.66904467
max_visits_25_reward_75,1,21,0,10,1.1,0,24.4,1.2,26.31580796,1.315415795
max_visits_75_reward_25,1,21,10,0,-0.9,0,1.7,1.187434209,1.907753634,1.266599137
max_reward_optimistic,1,21,0,10,1.1,0,24.4,0.8,26.32052047,0.851222696
max_reward_pessimistic,1,21,10,0,-0.9,0,1,0,1.148495722,0.022323631
max_reward_median,1,21,10,0,-0.9,0,1.6,1.2,1.794976091,1.280725632
max_reward,2,21,0,10,1.1,0,24,0,49.90407863,0.04949265
max_visits,2,21,10,0,-0.9,0,4.9,9.104394543,10.25422993,18.88983305
max_visits_50_reward_50,2,21,10,0,-0.9,0,6.1,8.3,12.74970338,17.24121908
max_visits_25_reward_75,2,21,0,10,1.1,0,24,0,49.92337658,0.057107441
max_visits_75_reward_25,2,21,10,0,-0.9,0,4.1,6.17170965,8.610377574,12.81843773
max_reward_optimistic,2,21,0,10,1.1,0,23.8,1.077032961,49.51994267,2.247774244
max_reward_pessimistic,2,21,10,0,-0.9,0,1,0,2.16178937,0.032839138
max_reward_median,2,21,10,0,-0.9,0,2.8,1.469693846,5.888355994,3.04583474
max_reward,0.1,22,0,10,1.1,0,24.6,1.280624847,4.390306616,0.244778525
max_visits,0.1,22,10,0,-0.9,0,3.7,4.605431576,0.718252945,0.797270731
max_visits_50_reward_50,0.1,22,9,1,-0.7,0.6,6.4,6.05309838,1.195699334,1.043825168
max_visits_25_reward_75,0.1,22,0,10,1.1,0,24.2,0.6,4.360166979,0.118886881
max_visits_75_reward_25,0.1,22,10,0,-0.9,0,5.2,7.507329752,0.974248672,1.304840917
max_reward_optimistic,0.1,22,1,9,0.9,0.6,23.4,6.575712889,4.180611205,1.150371175
max_reward_pessimistic,0.1,22,10,0,-0.9,0,4.2,5.153639491,0.814737439,0.890453709
max_reward_median,0.1,22,10,0,-0.9,0,2.8,1.661324773,0.564636993,0.297895328
max_reward,0.5,22,0,10,1.1,0,24,0,13.87030709,0.038299874
max_visits,0.5,22,10,0,-0.9,0,4.5,6.312685641,2.661360073,3.625344178
max_visits_50_reward_50,0.5,22,9,1,-0.7,0.6,6.6,8.511169132,3.866892314,4.882699361
max_visits_25_reward_75,0.5,22,0,10,1.1,0,24.2,0.6,13.98789978,0.361543786
max_visits_75_reward_25,0.5,22,10,0,-0.9,0,3.4,4.673328578,2.036838531,2.703659556
max_reward_optimistic,0.5,22,0,10,1.1,0,25.4,1.562049935,14.67431667,0.912449236
max_reward_pessimistic,0.5,22,10,0,-0.9,0,1,0,0.653831339,0.018832371
max_reward_median,0.5,22,10,0,-0.9,0,2.4,1.562049935,1.465551186,0.898444727
max_reward,1,22,0,10,1.1,0,24.2,0.6,26.09050457,0.667544084
max_visits,1,22,10,0,-0.9,0,2.8,3.249615362,3.074355793,3.502649805
max_visits_50_reward_50,1,22,10,0,-0.9,0,8.2,7.480641684,8.892939687,8.046645193
max_visits_25_reward_75,1,22,0,10,1.1,0,24,0,25.89070404,0.049142968
max_visits_75_reward_25,1,22,10,0,-0.9,0,4.7,6.261788882,5.125736666,6.723567862
max_reward_optimistic,1,22,0,10,1.1,0,24.2,0.6,26.0896847,0.62214978
max_reward_pessimistic,1,22,10,0,-0.9,0,1,0,1.152074552,0.021713952
max_reward_median,1,22,10,0,-0.9,0,1.8,1.166190379,2.020119977,1.26517246
max_reward,2,22,0,10,1.1,0,24.2,0.6,50.30287466,1.23536521
max_visits,2,22,10,0,-0.9,0,7.3,7.416872656,15.24100213,15.40874441
max_visits_50_reward_50,2,22,9,1,-0.7,0.6,10,7.071067812,20.84569454,14.68268039
max_visits_25_reward_75,2,22,0,10,1.1,0,24,0,49.92802939,0.043076215
max_visits_75_reward_25,2,22,10,0,-0.9,0,4.4,6.311893535,9.235387397,13.13108968
max_reward_optimistic,2,22,0,10,1.1,0,24,0,49.95462251,0.074427105
max_reward_pessimistic,2,22,10,0,-0.9,0,1,0,2.165161204,0.031735291
max_reward_median,2,22,10,0,-0.9,0,2.3,1.417744688,4.851654315,2.951267987
max_reward,0.1,23,2,8,0.7,0.8,39.4,4.715930449,7.010941792,0.851431363
max_visits,0.1,23,10,0,-0.9,0,4.5,7.214568594,0.852914619,1.243993006
max_visits_50_reward_50,0.1,23,10,0,-0.9,0,9.1,10.3,1.674124193,1.819454037
max_visits_25_reward_75,0.1,23,1,9,0.9,0.6,41.9,2.467792536,7.440462208,0.439673952
max_visits_75_reward_25,0.1,23,10,0,-0.9,0,4.7,7.576938696,0.898938847,1.331789389
max_reward_optimistic,0.1,23,10,0,-0.9,0,21.3,5.883026432,3.834674406,1.029727578
max_reward_pessimistic,0.1,23,10,0,-0.9,0,15.9,12.83316017,2.852773046,2.244723108
max_reward_median,0.1,23,10,0,-0.9,0,2.3,1.846618531,0.478088641,0.32062362
max_reward,0.5,23,1,9,0.9,0.6,40.5,4.5,23.42733028,2.58696344
max_visits,0.5,23,10,0,-0.9,0,6,8.294576541,3.532493782,4.759813205
max_visits_50_reward_50,0.5,23,10,0,-0.9,0,13,12.24744871,7.577457571,7.066449265
max_visits_25_reward_75,0.5,23,0,10,1.1,0,42,0,24.28007259,0.060292888
max_visits_75_reward_25,0.5,23,10,0,-0.9,0,5,9.736529156,2.960014939,5.584963467
max_reward_optimistic,0.5,23,8,2,-0.5,0.8,24.6,2.497999199,14.23953726,1.451629188
max_reward_pessimistic,0.5,23,10,0,-0.9,0,1,0,0.668723559,0.036117132
max_reward_median,0.5,23,10,0,-0.9,0,1.7,1.187434209,1.052905679,0.684576649
max_reward,1,23,1,9,0.9,0.6,40.2,5.4,43.370344,5.846064108
max_visits,1,23,10,0,-0.9,0,8.2,11.82201336,8.901114583,12.74067153
max_visits_50_reward_50,1,23,10,0,-0.9,0,8.7,7.576938696,9.448993516,8.147720525
max_visits_25_reward_75,1,23,0,10,1.1,0,42,0,45.34042718,0.057262674
max_visits_75_reward_25,1,23,10,0,-0.9,0,3.4,6.545227269,3.743817043,7.047203891
max_reward_optimistic,1,23,9,1,-0.7,0.6,23.8,0.4,25.67621665,0.440703834
max_reward_pessimistic,1,23,10,0,-0.9,0,1,0,1.159576559,0.025912451
max_reward_median,1,23,10,0,-0.9,0,1.7,1.486606875,1.901935673,1.594886549
max_reward,2,23,0,10,1.1,0,42,0,87.37214811,0.078623873
max_visits,2,23,10,0,-0.9,0,3.5,6.184658438,7.361595726,12.86049438
max_visits_50_reward_50,2,23,10,0,-0.9,0,10.5,9.521029356,21.87857177,19.7339583
max_visits_25_reward_75,2,23,1,9,0.9,0.6,39.8,6.6,82.84194252,13.68631306
max_visits_75_reward_25,2,23,10,0,-0.9,0,3.5,6.232976817,7.350826645,12.91801854
max_reward_optimistic,2,23,7,3,-0.3,0.916515139,24.3,0.9,50.56253262,1.884612436
max_reward_pessimistic,2,23,10,0,-0.9,0,1,0,2.155728507,0.031489483
max_reward_median,2,23,10,0,-0.9,0,2.2,1.720465053,4.636913204,3.568761353
max_reward,0.1,24,6,4,-0.1,0.979795897,16.4,2.289104628,2.930222988,0.400256986
max_visits,0.1,24,10,0,-0.9,0,2.5,2.906888371,0.517651033,0.522497593
max_visits_50_reward_50,0.1,24,10,0,-0.9,0,3.5,5.536244214,0.683017588,0.97201485
max_visits_25_reward_75,0.1,24,7,3,-0.3,0.916515139,17.1,2.507987241,3.064536309,0.423679841
max_visits_75_reward_25,0.1,24,10,0,-0.9,0,1.6,0.8,0.352970743,0.134956212
max_reward_optimistic,0.1,24,6,4,-0.1,0.979795897,9.2,3.919183588,1.688813782,0.674642577
max_reward_pessimistic,0.1,24,10,0,-0.9,0,3.4,3.322649545,0.673190403,0.598259737
max_reward_median,0.1,24,10,0,-0.9,0,1.8,1.166190379,0.392185283,0.195823948
max_reward,0.5,24,0,10,1.1,0,14,0,8.133293319,0.037281749
max_visits,0.5,24,9,1,-0.7,0.6,3.2,3.762977544,1.919168615,2.192006725
max_visits_50_reward_50,0.5,24,9,1,-0.7,0.6,3.7,3.716180835,2.217679691,2.137583823
max_visits_25_reward_75,0.5,24,0,10,1.1,0,14,0,8.140381765,0.020712382
max_visits_75_reward_25,0.5,24,10,0,-0.9,0,1.8,0.979795897,1.110641694,0.552405783
max_reward_optimistic,0.5,24,1,9,0.9,0.6,13.2,2.4,7.659981799,1.389555063
max_reward_pessimistic,0.5,24,10,0,-0.9,0,1,0,0.647572851,0.020789422
max_reward_median,0.5,24,10,0,-0.9,0,1.6,0.916515139,0.994562984,0.525116346
max_reward,1,24,0,10,1.1,0,14,0,15.13486335,0.022878425
max_visits,1,24,9,1,-0.7,0.6,3.2,3.789459064,3.520433187,4.072653988
max_visits_50_reward_50,1,24,8,2,-0.5,0.8,5.7,5.31130869,6.208697796,5.707026923
max_visits_25_reward_75,1,24,0,10,1.1,0,14,0,15.13542016,0.033694987
max_visits_75_reward_25,1,24,10,0,-0.9,0,1.8,1.2489996,2.004012871,1.347573753
max_reward_optimistic,1,24,0,10,1.1,0,14,0,15.14527617,0.03727681
max_reward_pessimistic,1,24,10,0,-0.9,0,1,0,1.154220271,0.017620312
max_reward_median,1,24,10,0,-0.9,0,2.4,1.356465997,2.661593556,1.461754826
max_reward,2,24,0,10,1.1,0,14,0,29.14166543,0.026718928
max_visits,2,24,10,0,-0.9,0,1.9,1.220655562,4.025104165,2.523672434
max_visits_50_reward_50,2,24,5,5,0.1,1,8.2,5.827520914,17.11945243,12.11171429
max_visits_25_reward_75,2,24,0,10,1.1,0,14,0,29.18149519,0.034606927
max_visits_75_reward_25,2,24,10,0,-0.9,0,1.9,1.220655562,4.032950759,2.526215119
max_reward_optimistic,2,24,0,10,1.1,0,14,0,29.19091465,0.039607255
max_reward_pessimistic,2,24,10,0,-0.9,0,1,0,2.160289359,0.020223587
max_reward_median,2,24,10,0,-0.9,0,2.7,2.051828453,5.68933661,4.259451665
max_reward,0.1,25,4,6,0.3,0.979795897,18,1.61245155,3.248825049,0.298629936
max_visits,0.1,25,10,0,-0.9,0,1.6,0.489897949,0.357995987,0.094682009
max_visits_50_reward_50,0.1,25,9,1,-0.7,0.6,9.3,6.812488532,1.707278538,1.177527326
max_visits_25_reward_75,0.1,25,3,7,0.5,0.916515139,18.6,1.428285686,3.369628644,0.259863743
max_visits_75_reward_25,0.1,25,10,0,-0.9,0,1.7,1.004987562,0.378326297,0.1763477
max_reward_optimistic,0.1,25,10,0,-0.9,0,6,0,1.143036723,0.02554253
max_reward_pessimistic,0.1,25,10,0,-0.9,0,4.1,3.780211634,0.800981069,0.657949269
max_reward_median,0.1,25,10,0,-0.9,0,2.1,0.7,0.460544395,0.134495661
max_reward,0.5,25,7,3,-0.3,0.916515139,17.8,1.077032961,10.35032737,0.629570812
max_visits,0.5,25,10,0,-0.9,0,2.2,1.326649916,1.352677417,0.775258348
max_visits_50_reward_50,0.5,25,9,1,-0.7,0.6,8.2,7.794870108,4.810098743,4.501550114
max_visits_25_reward_75,0.5,25,6,4,-0.1,0.979795897,17.8,1.326649916,10.34950235,0.76677033
max_visits_75_reward_25,0.5,25,10,0,-0.9,0,3.9,4.205948169,2.329773736,2.423128358
max_reward_optimistic,0.5,25,6,4,-0.1,0.979795897,11.2,6.368673331,6.557294607,3.682134331
max_reward_pessimistic,0.5,25,10,0,-0.9,0,1.1,0.3,0.716333199,0.175939001
max_reward_median,0.5,25,10,0,-0.9,0,2.3,2.647640459,1.401067615,1.516741423
max_reward,1,25,6,4,-0.1,0.979795897,18.8,0.4,20.34704919,0.441972286
max_visits,1,25,10,0,-0.9,0,1.9,1.135781669,2.123963165,1.220119366
max_visits_50_reward_50,1,25,10,0,-0.9,0,7.6,6.785278181,8.256855726,7.303853503
max_visits_25_reward_75,1,25,5,5,0.1,1,18.6,0.8,20.14323418,0.880621299
max_visits_75_reward_25,1,25,10,0,-0.9,0,2.1,1.3,2.343612647,1.412584761
max_reward_optimistic,1,25,1,9,0.9,0.6,17.9,3.3,19.37707369,3.562755066
max_reward_pessimistic,1,25,10,0,-0.9,0,1,0,1.158026767,0.022730346
max_reward_median,1,25,10,0,-0.9,0,1.9,1.220655562,2.116700125,1.314354347
max_reward,2,25,5,5,0.1,1,17.6,1.624807681,36.66677804,3.393270378
max_visits,2,25,10,0,-0.9,0,1.7,1.004987562,3.611201501,2.078799138
max_visits_50_reward_50,2,25,9,1,-0.7,0.6,6.4,6.696267617,13.36586509,13.90348089
max_visits_25_reward_75,2,25,3,7,0.5,0.916515139,18.4,1.2,38.33945622,2.483134064
max_visits_75_reward_25,2,25,10,0,-0.9,0,2.6,1.496662955,5.476012921,3.111333017
max_reward_optimistic,2,25,0,10,1.1,0,19,0,39.59576111,0.025621283
max_reward_pessimistic,2,25,10,0,-0.9,0,1,0,2.161384177,0.019450649
max_reward_median,2,25,10,0,-0.9,0,2.4,1.356465997,5.072024488,2.833485385
max_reward,0.1,26,4,6,0.3,0.979795897,17.1,1.920937271,3.096734285,0.339299942
max_visits,0.1,26,9,1,-0.7,0.6,3.6,4.294182111,0.715887094,0.743326053
max_visits_50_reward_50,0.1,26,9,1,-0.7,0.6,3.9,4.158124577,0.749049854,0.727604701
max_visits_25_reward_75,0.1,26,3,7,0.5,0.916515139,17.2,1.833030278,3.090157628,0.333053114
max_visits_75_reward_25,0.1,26,10,0,-0.9,0,1.5,0.921954446,0.344445729,0.168726589
max_reward_optimistic,0.1,26,8,2,-0.5,0.8,8,4,1.491735363,0.709578047
max_reward_pessimistic,0.1,26,10,0,-0.9,0,2.4,0.916515139,0.50278511,0.160538002
max_reward_median,0.1,26,10,0,-0.9,0,2.2,1.469693846,0.454631472,0.257376467
max_reward,0.5,26,0,10,1.1,0,16,0,9.30291512,0.053393721
max_visits,0.5,26,10,0,-0.9,0,2,1,1.232012534,0.579900713
max_visits_50_reward_50,0.5,26,9,1,-0.7,0.6,5.9,5.393514624,3.479308414,3.113933219
max_visits_25_reward_75,0.5,26,0,10,1.1,0,16,0,9.322967505,0.028915502
max_visits_75_reward_25,0.5,26,9,1,-0.7,0.6,4.6,5.782732918,2.72838316,3.333755191
max_reward_optimistic,0.5,26,3,7,0.5,0.916515139,13,4.582575695,7.543340921,2.636187588
max_reward_pessimistic,0.5,26,10,0,-0.9,0,1.2,0.4,0.765609193,0.22573984
max_reward_median,0.5,26,10,0,-0.9,0,1.5,0.670820393,0.93461709,0.3935243
max_reward,1,26,0,10,1.1,0,16,0,17.30194147,0.032705707
max_visits,1,26,10,0,-0.9,0,1.9,0.830662386,2.115776348,0.89362195
max_visits_50_reward_50,1,26,6,4,-0.1,0.979795897,12.6,6.183849933,13.63875504,6.638530716
max_visits_25_reward_75,1,26,0,10,1.1,0,16,0,17.29560957,0.046328871
max_visits_75_reward_25,1,26,10,0,-0.9,0,1.9,1.374772708,2.115520501,1.475691342
max_reward_optimistic,1,26,0,10,1.1,0,16,0,17.29362469,0.03023668
max_reward_pessimistic,1,26,10,0,-0.9,0,1,0,1.150258732,0.014956607
max_reward_median,1,26,10,0,-0.9,0,2.4,1.685229955,2.658755136,1.807341832
max_reward,2,26,0,10,1.1,0,16,0,33.30491004,0.031292572
max_visits,2,26,10,0,-0.9,0,1.7,1.004987562,3.607671428,2.094666703
max_visits_50_reward_50,2,26,9,1,-0.7,0.6,5,4.979959839,10.45504484,10.34157378
max_visits_25_reward_75,2,26,0,10,1.1,0,16,0,33.31214149,0.02766989
max_visits_75_reward_25,2,26,10,0,-0.9,0,2.1,1.135781669,4.433815336,2.361442153
max_reward_optimistic,2,26,0,10,1.1,0,16,0,33.30432212,0.029903392
max_reward_pessimistic,2,26,10,0,-0.9,0,1,0,2.156638241,0.021401001
max_reward_median,2,26,10,0,-0.9,0,1.5,0.5,3.192666626,1.043435673
max_reward,0.1,27,4,6,0.3,0.979795897,17.5,1.857417562,3.129471183,0.319349561
max_visits,0.1,27,10,0,-0.9,0,1.6,1.019803903,0.363269401,0.180527179
max_visits_50_reward_50,0.1,27,8,2,-0.5,0.8,8.5,6.407027392,1.578000975,1.131943558
max_visits_25_reward_75,0.1,27,6,4,-0.1,0.979795897,16.8,1.939071943,3.025405931,0.342981013
max_visits_75_reward_25,0.1,27,10,0,-0.9,0,1.7,0.9,0.372516584,0.164288219
max_reward_optimistic,0.1,27,9,1,-0.7,0.6,7,3,1.290440822,0.515319626
max_reward_pessimistic,0.1,27,10,0,-0.9,0,3.9,3.590264614,0.753852439,0.634802284
max_reward_median,0.1,27,10,0,-0.9,0,2.4,1.356465997,0.492442274,0.242536674
max_reward,0.5,27,0,10,1.1,0,16,0,9.270002937,0.03160488
max_visits,0.5,27,10,0,-0.9,0,3.4,4.65188134,2.034362173,2.684491
max_visits_50_reward_50,0.5,27,7,3,-0.3,0.916515139,6.5,6.296824597,3.819647455,3.615392614
max_visits_25_reward_75,0.5,27,0,10,1.1,0,16,0,9.277764082,0.036300878
max_visits_75_reward_25,0.5,27,10,0,-0.9,0,3.8,4.308131846,2.259937978,2.491205283
max_reward_optimistic,0.5,27,2,8,0.7,0.8,14,4,8.131353879,2.301205032
max_reward_pessimistic,0.5,27,10,0,-0.9,0,1.3,0.458257569,0.830197001,0.268428585
max_reward_median,0.5,27,10,0,-0.9,0,2.8,2.315167381,1.68869009,1.330347799
max_reward,1,27,0,10,1.1,0,16,0,17.3047219,0.034759015
max_visits,1,27,9,1,-0.7,0.6,3,4.38178046,3.297925544,4.69676038
max_visits_50_reward_50,1,27,8,2,-0.5,0.8,6.8,5.99666574,7.385880208,6.446180674
max_visits_25_reward_75,1,27,0,10,1.1,0,16,0,17.31406031,0.029361625
max_visits_75_reward_25,1,27,10,0,-0.9,0,2.2,0.979795897,2.447012472,1.064988339
max_reward_optimistic,1,27,0,10,1.1,0,16,0,17.30233009,0.023287175
max_reward_pessimistic,1,27,10,0,-0.9,0,1,0,1.160330892,0.023931121
max_reward_median,1,27,10,0,-0.9,0,1.6,0.8,1.79430542,0.866952444
max_reward,2,27,0,10,1.1,0,16,0,33.30937486,0.026164713
max_visits,2,27,10,0,-0.9,0,2.7,1.268857754,5.680709648,2.623292479
max_visits_50_reward_50,2,27,8,2,-0.5,0.8,6,6.049793385,12.52449639,12.55192748
max_visits_25_reward_75,2,27,0,10,1.1,0,16,0,33.31912293,0.048193826
max_visits_75_reward_25,2,27,10,0,-0.9,0,2.6,4.152107898,5.469528365,8.625438462
max_reward_optimistic,2,27,0,10,1.1,0,16,0,33.31266837,0.043463088
max_reward_pessimistic,2,27,10,0,-0.9,0,1,0,2.147681046,0.012698109
max_reward_median,2,27,10,0,-0.9,0,2,0.894427191,4.228243256,1.856980037
