function,thinking_time,level,died_count,win_count,scores_mean,scores_std,num_moves_mean,num_moves_std,times_mean,times_std
max_reward,0.1,0,0,10,1.1,0.0,16.4,0.7999999999999999,3.040079855918884,0.1863524410199167
max_visits,0.1,0,7,3,-0.29999999999999993,0.9165151389911681,11.6,4.94368283772331,2.1361490964889525,0.8784888417388714
max_visits_50_reward_50,0.1,0,0,10,1.1,0.0,16.2,0.6,2.950945782661438,0.1083713894335013
max_visits_25_reward_75,0.1,0,0,10,1.1,0.0,16.2,0.6,2.9333086967468263,0.1038287282838299
max_visits_75_reward_25,0.1,0,0,10,1.1,0.0,16.4,0.7999999999999999,2.964019536972046,0.16348047039565491
max_reward_optimistic,0.1,0,0,10,1.1,0.0,18.2,2.0880613017821097,3.291006588935852,0.3901244769328092
max_reward_pessimistic,0.1,0,10,0,-0.9,0.0,8.3,1.268857754044952,1.5398149013519287,0.23877801102736138
max_reward_median,0.1,0,10,0,-0.9,0.0,7.5,2.1563858652847827,1.4117811679840089,0.38422025713339936
max_reward,0.5,0,0,10,1.1,0.0,16.0,0.0,9.29479467868805,0.031396580822583287
max_visits,0.5,0,8,2,-0.5,0.8000000000000002,9.2,4.749736834815167,5.3656203031539915,2.755799893195267
max_visits_50_reward_50,0.5,0,0,10,1.1,0.0,16.2,0.6,9.401130604743958,0.3596325318978742
max_visits_25_reward_75,0.5,0,0,10,1.1,0.0,16.4,1.2,9.515099024772644,0.6923559840632887
max_visits_75_reward_25,0.5,0,0,10,1.1,0.0,16.0,0.0,9.316314482688904,0.04624191020006418
max_reward_optimistic,0.5,0,0,10,1.1,0.0,17.8,2.0880613017821097,10.331636357307435,1.1891811818307176
max_reward_pessimistic,0.5,0,10,0,-0.9,0.0,4.7,1.2688577540449522,2.776025152206421,0.7277601164022824
max_reward_median,0.5,0,10,0,-0.9,0.0,4.7,1.7916472867168918,2.775735306739807,1.037981237869885
max_reward,1,0,0,10,1.1,0.0,17.0,1.3416407864998738,18.36695945262909,1.4500237217364704
max_visits,1,0,5,5,0.10000000000000005,1.0,13.0,6.29285308902091,14.06920895576477,6.782830693676343
max_visits_50_reward_50,1,0,0,10,1.1,0.0,16.6,1.2806248474865698,17.917095065116882,1.3705434383079
max_visits_25_reward_75,1,0,0,10,1.1,0.0,16.6,1.8,17.914464259147643,1.919217553767971
max_visits_75_reward_25,1,0,0,10,1.1,0.0,16.0,0.0,17.274800968170165,0.05115527807340566
max_reward_optimistic,1,0,0,10,1.1,0.0,17.8,2.0880613017821097,19.230508947372435,2.268735326665416
max_reward_pessimistic,1,0,10,0,-0.9,0.0,3.0,0.0,3.3045719146728514,0.020670070368138588
max_reward_median,1,0,10,0,-0.9,0.0,7.3,2.8301943396169813,7.929067611694336,3.059169208454397
max_reward,2,0,0,10,1.1,0.0,16.8,1.5999999999999999,34.988119053840634,3.3131187167529776
max_visits,2,0,7,3,-0.3,0.9165151389911681,9.0,4.711687595755898,18.77625164985657,9.817531908148085
max_visits_50_reward_50,2,0,2,8,0.7,0.8000000000000002,14.5,5.239274758971894,30.198625206947327,10.876323693226032
max_visits_25_reward_75,2,0,1,9,0.9,0.6000000000000001,14.8,3.6,30.823145508766174,7.484850051242609
max_visits_75_reward_25,2,0,3,7,0.5,0.9165151389911681,12.5,5.352569476429054,26.045454740524292,11.118876166451363
max_reward_optimistic,2,0,0,10,1.1,0.0,17.0,1.0,35.44039378166199,2.091184294712063
max_reward_pessimistic,2,0,10,0,-0.9,0.0,4.2,1.8330302779823362,8.805044889450073,3.820139070338107
max_reward_median,2,0,10,0,-0.9,0.0,6.4,1.9078784028338913,13.365575361251832,3.9601424272048282
max_reward,0.1,1,0,10,1.1,0.0,16.6,1.2806248474865698,2.984853434562683,0.22256236417334868
max_visits,0.1,1,6,4,-0.09999999999999998,0.9797958971132714,12.2,5.035871324805668,2.2156312227249146,0.8806885921232622
max_visits_50_reward_50,0.1,1,0,10,1.1,0.0,16.6,0.9165151389911679,2.992342162132263,0.14657270926349655
max_visits_25_reward_75,0.1,1,0,10,1.1,0.0,17.4,1.8,3.1439868450164794,0.3131683894980697
max_visits_75_reward_25,0.1,1,0,10,1.1,0.0,16.4,0.7999999999999999,2.963293671607971,0.14204697498211974
max_reward_optimistic,0.1,1,0,10,1.1,0.0,18.4,2.4979991993593593,3.304887127876282,0.45455020089487114
max_reward_pessimistic,0.1,1,10,0,-0.9,0.0,10.0,3.03315017762062,1.8196019887924195,0.5482164475556043
max_reward_median,0.1,1,10,0,-0.9,0.0,6.9,2.3853720883753127,1.2812554359436035,0.42344018878406525
max_reward,0.5,1,0,10,1.1,0.0,16.2,0.6,9.36605088710785,0.3578705828290552
max_visits,0.5,1,6,4,-0.09999999999999998,0.9797958971132714,11.6,4.521061822182927,6.769969582557678,2.5958579862175113
max_visits_50_reward_50,0.5,1,0,10,1.1,0.0,16.0,0.0,9.263029217720032,0.05175435706349187
max_visits_25_reward_75,0.5,1,0,10,1.1,0.0,16.0,0.0,9.27287404537201,0.04525124882918754
max_visits_75_reward_25,0.5,1,0,10,1.1,0.0,16.2,0.6,9.384257602691651,0.3363779627191424
max_reward_optimistic,0.5,1,0,10,1.1,0.0,18.6,2.009975124224178,10.7719087600708,1.149895002510037
max_reward_pessimistic,0.5,1,10,0,-0.9,0.0,5.0,0.0,2.9472049474716187,0.02255765513281013
max_reward_median,0.5,1,10,0,-0.9,0.0,8.2,3.026549190084311,4.7878624439239506,1.7427426432919872
max_reward,1,1,1,9,0.9,0.6000000000000001,14.9,3.3,16.099833798408508,3.530531163861998
max_visits,1,1,6,4,-0.1,0.9797958971132713,11.1,5.752390807307862,12.002260947227478,6.190977414650453
max_visits_50_reward_50,1,1,0,10,1.1,0.0,16.4,1.2,17.705022072792055,1.276637618652564
max_visits_25_reward_75,1,1,0,10,1.1,0.0,16.8,1.5999999999999999,18.150365829467773,1.741298873549919
max_visits_75_reward_25,1,1,1,9,0.9,0.6000000000000001,15.0,3.0,16.195784544944765,3.201478853699762
max_reward_optimistic,1,1,0,10,1.1,0.0,16.8,1.3266499161421599,18.13564612865448,1.4370910442333402
max_reward_pessimistic,1,1,10,0,-0.9,0.0,3.2,0.6,3.517903733253479,0.6506070069869493
max_reward_median,1,1,10,0,-0.9,0.0,6.3,1.9000000000000001,6.840653204917908,2.0436122295609955
max_reward,2,1,3,7,0.5,0.9165151389911681,12.5,5.352569476429054,26.01186776161194,11.114804663668947
max_visits,2,1,4,6,0.3000000000000001,0.9797958971132713,12.7,6.3095166217389425,26.41229667663574,13.090087269508464
max_visits_50_reward_50,2,1,2,8,0.7,0.8000000000000002,13.6,4.8,28.305932259559633,9.969227665469676
max_visits_25_reward_75,2,1,0,10,1.1,0.0,16.0,0.0,33.29369516372681,0.053156371244811734
max_visits_75_reward_25,2,1,1,9,0.9,0.6000000000000001,14.8,3.6,30.813839054107667,7.481701771728432
max_reward_optimistic,2,1,0,10,1.1,0.0,16.6,0.9165151389911679,34.53258774280548,1.9057784219344873
max_reward_pessimistic,2,1,10,0,-0.9,0.0,4.0,2.04939015319192,8.377496337890625,4.270956496205391
max_reward_median,2,1,10,0,-0.9,0.0,7.2,3.249615361854384,15.0264573097229,6.7285882831353065
max_reward,0.1,2,0,10,1.1,0.0,26.4,2.154065922853802,4.727970027923584,0.36814685019031407
max_visits,0.1,2,6,4,-0.09999999999999999,0.9797958971132713,17.5,10.726136303441235,3.154077649116516,1.8740002230127553
max_visits_50_reward_50,0.1,2,0,10,1.1,0.0,25.6,2.3323807579381204,4.5537927627563475,0.4249119182858219
max_visits_25_reward_75,0.1,2,0,10,1.1,0.0,27.0,2.23606797749979,4.814904522895813,0.39734187335997856
max_visits_75_reward_25,0.1,2,0,10,1.1,0.0,25.0,2.04939015319192,4.4671851873397825,0.3689803666018043
max_reward_optimistic,0.1,2,0,10,1.1,0.0,26.6,3.4698703145794942,4.760773611068726,0.622924459858622
max_reward_pessimistic,0.1,2,10,0,-0.9,0.0,15.7,1.9519221295943134,2.823330807685852,0.3382318034893917
max_reward_median,0.1,2,10,0,-0.9,0.0,8.8,2.891366458960192,1.620479941368103,0.5084852720630522
max_reward,0.5,2,0,10,1.1,0.0,23.0,1.8439088914585775,13.304921197891236,1.0652563714068142
max_visits,0.5,2,10,0,-0.9,0.0,7.7,2.9681644159311658,4.508458399772644,1.7094742960655391
max_visits_50_reward_50,0.5,2,0,10,1.1,0.0,23.0,1.61245154965971,13.284395933151245,0.9093317269973661
max_visits_25_reward_75,0.5,2,0,10,1.1,0.0,23.2,1.6,13.440672254562378,0.946170138823498
max_visits_75_reward_25,0.5,2,0,10,1.1,0.0,23.4,1.2806248474865698,13.542825627326966,0.7349190942041027
max_reward_optimistic,0.5,2,0,10,1.1,0.0,26.4,2.1540659228538015,15.259885549545288,1.2347400474231973
max_reward_pessimistic,0.5,2,10,0,-0.9,0.0,5.1,0.3,3.003315281867981,0.1752827439148459
max_reward_median,0.5,2,10,0,-0.9,0.0,6.5,1.857417562100671,3.805270290374756,1.071515125026378
max_reward,1,2,0,10,1.1,0.0,23.6,1.9595917942265424,25.46690716743469,2.099386666750847
max_visits,1,2,9,1,-0.7000000000000001,0.6000000000000001,12.0,5.176871642217914,12.97998354434967,5.552942852213438
max_visits_50_reward_50,1,2,0,10,1.1,0.0,22.2,0.6,23.922084426879884,0.6384084626156823
max_visits_25_reward_75,1,2,1,9,0.9,0.6000000000000001,20.3,5.1000000000000005,21.89666028022766,5.492975646105449
max_visits_75_reward_25,1,2,1,9,0.9,0.6000000000000001,21.3,5.797413216254298,22.98811662197113,6.207325348583205
max_reward_optimistic,1,2,0,10,1.1,0.0,26.2,1.6613247725836147,28.25746581554413,1.8151511441668449
max_reward_pessimistic,1,2,10,0,-0.9,0.0,3.4,0.8,3.7411153316497803,0.8577478316850685
max_reward_median,1,2,10,0,-0.9,0.0,8.1,4.182104733265297,8.779691982269288,4.504376824709195
max_reward,2,2,3,7,0.5000000000000001,0.9165151389911681,17.4,8.946507698538015,36.25355017185211,18.58015248370652
max_visits,2,2,9,1,-0.7000000000000001,0.6000000000000001,7.7,6.277738446287803,16.07553951740265,13.05881708276356
max_visits_50_reward_50,2,2,3,7,0.5000000000000001,0.9165151389911681,17.2,8.818163074019441,35.81326026916504,18.318403247990375
max_visits_25_reward_75,2,2,2,8,0.7,0.8000000000000002,18.4,7.2,38.29792053699494,14.963911547827696
max_visits_75_reward_25,2,2,1,9,0.9,0.6000000000000001,20.4,5.499090833947008,42.45793237686157,11.436205940232517
max_reward_optimistic,2,2,0,10,1.1,0.0,24.0,2.1908902300206643,50.06396646499634,4.574896319454892
max_reward_pessimistic,2,2,10,0,-0.9,0.0,3.0,0.0,6.312583661079406,0.043699939864388256
max_reward_median,2,2,10,0,-0.9,0.0,6.9,2.4677925358506134,14.417081260681153,5.108625329634286
max_reward,0.1,3,0,10,1.1,0.0,14.0,0.0,2.5278782844543457,0.03482789872848505
max_visits,0.1,3,8,2,-0.5000000000000001,0.8,7.3,5.496362433464518,1.3505608797073365,0.9637441410603096
max_visits_50_reward_50,0.1,3,0,10,1.1,0.0,15.8,1.8867962264113207,2.8531992435455322,0.3405018039965174
max_visits_25_reward_75,0.1,3,0,10,1.1,0.0,15.2,1.6,2.739811825752258,0.276382269724068
max_visits_75_reward_25,0.1,3,0,10,1.1,0.0,15.4,1.8,2.7845955371856688,0.31626030768125235
max_reward_optimistic,0.1,3,0,10,1.1,0.0,15.0,1.61245154965971,2.70013484954834,0.26537903125645546
max_reward_pessimistic,0.1,3,10,0,-0.9,0.0,5.2,0.39999999999999997,1.0018274068832398,0.08541423211520724
max_reward_median,0.1,3,10,0,-0.9,0.0,3.4,2.8,0.6941250801086426,0.5068553650192428
max_reward,0.5,3,0,10,1.1,0.0,14.0,0.0,8.137606883049012,0.03684476812559577
max_visits,0.5,3,8,2,-0.5000000000000001,0.8,6.1,4.085339643163099,3.588121247291565,2.3601061981153313
max_visits_50_reward_50,0.5,3,0,10,1.1,0.0,14.0,0.0,8.119958543777466,0.038035430215489725
max_visits_25_reward_75,0.5,3,0,10,1.1,0.0,14.2,0.6,8.242088627815246,0.35568520358271505
max_visits_75_reward_25,0.5,3,0,10,1.1,0.0,14.4,1.2,8.356724715232849,0.6917013174099141
max_reward_optimistic,0.5,3,0,10,1.1,0.0,15.4,1.8,8.932053375244141,1.0275010178484032
max_reward_pessimistic,0.5,3,10,0,-0.9,0.0,1.0,0.0,0.6517986297607422,0.018728474809639673
max_reward_median,0.5,3,10,0,-0.9,0.0,2.4,1.2806248474865698,1.4601537704467773,0.7473389541362889
max_reward,1,3,0,10,1.1,0.0,14.0,0.0,15.135015511512757,0.03505601050108945
max_visits,1,3,8,2,-0.5000000000000001,0.8,6.3,4.075536774462967,6.848352098464966,4.355960373327745
max_visits_50_reward_50,1,3,0,10,1.1,0.0,14.0,0.0,15.133165431022643,0.04228586029427634
max_visits_25_reward_75,1,3,0,10,1.1,0.0,14.0,0.0,15.136236190795898,0.03532002521705173
max_visits_75_reward_25,1,3,0,10,1.1,0.0,14.0,0.0,15.139101219177245,0.06456861933790706
max_reward_optimistic,1,3,0,10,1.1,0.0,14.0,0.0,15.128753566741944,0.03934377278402481
max_reward_pessimistic,1,3,10,0,-0.9,0.0,1.0,0.0,1.153628134727478,0.018968039704174478
max_reward_median,1,3,10,0,-0.9,0.0,1.9,1.1357816691600546,2.1182595014572145,1.2181427803481786
max_reward,2,3,0,10,1.1,0.0,14.0,0.0,29.171118021011353,0.06454042224262772
max_visits,2,3,4,6,0.30000000000000004,0.9797958971132714,9.8,5.249761899362675,20.44543890953064,10.900985876630582
max_visits_50_reward_50,2,3,0,10,1.1,0.0,14.0,0.0,29.19424948692322,0.06517841516777655
max_visits_25_reward_75,2,3,0,10,1.1,0.0,14.0,0.0,29.186598539352417,0.031292986530591455
max_visits_75_reward_25,2,3,0,10,1.1,0.0,14.0,0.0,29.19624924659729,0.04676458381712845
max_reward_optimistic,2,3,0,10,1.1,0.0,14.0,0.0,29.19169373512268,0.04573308577926486
max_reward_pessimistic,2,3,10,0,-0.9,0.0,1.0,0.0,2.163251781463623,0.02237937232557672
max_reward_median,2,3,10,0,-0.9,0.0,2.9,2.211334438749598,6.112412810325623,4.594436983680506
max_reward,0.1,4,0,10,1.1,0.0,15.4,1.5620499351813308,2.8170755386352537,0.29013222241809655
max_visits,0.1,4,5,5,0.10000000000000005,1.0,9.7,5.197114584074513,1.8011540412902831,0.9074225259363704
max_visits_50_reward_50,0.1,4,0,10,1.1,0.0,15.0,1.61245154965971,2.726989722251892,0.29695946710999593
max_visits_25_reward_75,0.1,4,0,10,1.1,0.0,15.4,1.5620499351813308,2.8002660989761354,0.28437689399353894
max_visits_75_reward_25,0.1,4,0,10,1.1,0.0,16.0,1.5491933384829668,2.940353441238403,0.2620999968273825
max_reward_optimistic,0.1,4,0,10,1.1,0.0,15.4,1.8,2.8012479543685913,0.3156978626116075
max_reward_pessimistic,0.1,4,10,0,-0.9,0.0,5.5,1.3601470508735443,1.045078945159912,0.24459300831688804
max_reward_median,0.1,4,10,0,-0.9,0.0,2.0,1.61245154965971,0.4276297092437744,0.28879965101113697
max_reward,0.5,4,0,10,1.1,0.0,14.8,1.5999999999999999,8.589674472808838,0.9233892588620598
max_visits,0.5,4,6,4,-0.1,0.9797958971132713,8.6,5.76541412215983,5.021130108833313,3.3167948242098477
max_visits_50_reward_50,0.5,4,0,10,1.1,0.0,14.2,0.6,8.245123410224915,0.34452662155060837
max_visits_25_reward_75,0.5,4,0,10,1.1,0.0,14.4,0.7999999999999999,8.354518151283264,0.44569436054689676
max_visits_75_reward_25,0.5,4,0,10,1.1,0.0,14.0,0.0,8.136366057395936,0.03872058018438953
max_reward_optimistic,0.5,4,0,10,1.1,0.0,14.4,1.2,8.353674173355103,0.7026467355576828
max_reward_pessimistic,0.5,4,10,0,-0.9,0.0,1.0,0.0,0.6517756700515747,0.020373502575237325
max_reward_median,0.5,4,10,0,-0.9,0.0,2.6,1.42828568570857,1.5852602005004883,0.8304677968687115
max_reward,1,4,0,10,1.1,0.0,14.2,0.6,15.352340507507325,0.6781606604964205
max_visits,1,4,8,2,-0.5000000000000001,0.8,5.1,5.127377497317708,5.5602936267852785,5.5089989264374335
max_visits_50_reward_50,1,4,0,10,1.1,0.0,14.4,1.2,15.5828706741333,1.2879806643134117
max_visits_25_reward_75,1,4,0,10,1.1,0.0,14.0,0.0,15.136464691162109,0.03543862140017996
max_visits_75_reward_25,1,4,0,10,1.1,0.0,14.0,0.0,15.139207887649537,0.0610048743051442
max_reward_optimistic,1,4,0,10,1.1,0.0,15.2,1.8330302779823362,16.43611924648285,1.9876290235396281
max_reward_pessimistic,1,4,10,0,-0.9,0.0,1.0,0.0,1.1555585384368896,0.023379480275358647
max_reward_median,1,4,10,0,-0.9,0.0,2.2,1.2489995996796797,2.4364041805267336,1.3416558381290893
max_reward,2,4,0,10,1.1,0.0,14.4,1.2,29.982297515869142,2.481198096539075
max_visits,2,4,9,1,-0.7000000000000001,0.6000000000000001,4.6,3.6660605559646724,9.638519597053527,7.6082330009999
max_visits_50_reward_50,2,4,0,10,1.1,0.0,14.0,0.0,29.18689932823181,0.040762603204053845
max_visits_25_reward_75,2,4,0,10,1.1,0.0,14.4,1.2,30.013778424263002,2.4979916519043504
max_visits_75_reward_25,2,4,0,10,1.1,0.0,14.0,0.0,29.16930756568909,0.040956757842195914
max_reward_optimistic,2,4,0,10,1.1,0.0,14.0,0.0,29.164761328697203,0.06872213667590647
max_reward_pessimistic,2,4,10,0,-0.9,0.0,1.0,0.0,2.15764000415802,0.02357012542063469
max_reward_median,2,4,10,0,-0.9,0.0,2.4,1.4966629547095767,5.057435464859009,3.1054639137021085
max_reward,0.1,5,8,2,-0.5,0.8000000000000002,22.8,2.85657137141714,4.067982482910156,0.5133743970693605
max_visits,0.1,5,10,0,-0.9,0.0,8.7,8.764131445842194,1.5937249183654785,1.5552195837373184
max_visits_50_reward_50,0.1,5,9,1,-0.7000000000000001,0.6000000000000001,23.5,3.0740852297878796,4.203633117675781,0.5554436051219911
max_visits_25_reward_75,0.1,5,10,0,-0.9,0.0,21.6,0.9165151389911681,3.874697136878967,0.16580653643288845
max_visits_75_reward_25,0.1,5,9,1,-0.7000000000000001,0.6000000000000001,23.4,4.152107898405339,4.17709629535675,0.7201835584667624
max_reward_optimistic,0.1,5,8,2,-0.5,0.8000000000000002,28.0,3.3466401061363023,5.009370613098144,0.5879841608992765
max_reward_pessimistic,0.1,5,10,0,-0.9,0.0,18.1,3.9102429592034307,3.247335362434387,0.6734479147763157
max_reward_median,0.1,5,10,0,-0.9,0.0,2.6,1.42828568570857,0.5334923505783081,0.25677168058457805
max_reward,0.5,5,8,2,-0.5000000000000001,0.8,23.0,4.669047011971501,13.334670352935792,2.7081229163600824
max_visits,0.5,5,10,0,-0.9,0.0,7.2,7.277362159464101,4.2244163990020756,4.1959376785184395
max_visits_50_reward_50,0.5,5,9,1,-0.7000000000000001,0.6000000000000001,20.9,3.9610604640676716,12.114492201805115,2.2837913840430666
max_visits_25_reward_75,0.5,5,8,2,-0.5000000000000001,0.8,23.2,4.308131845707604,13.449521994590759,2.503844985141483
max_visits_75_reward_25,0.5,5,8,2,-0.5,0.8000000000000002,22.4,4.2708313008125245,12.9563645362854,2.4737706214051496
max_reward_optimistic,0.5,5,2,8,0.7,0.8000000000000002,20.2,2.9933259094191533,11.721944570541382,1.7312060382113084
max_reward_pessimistic,0.5,5,10,0,-0.9,0.0,1.0,0.0,0.6514562606811524,0.01630119386946602
max_reward_median,0.5,5,10,0,-0.9,0.0,2.3,1.1,1.4012722730636598,0.6344097328524139
max_reward,1,5,7,3,-0.30000000000000004,0.9165151389911681,26.1,2.662705391138869,28.183643674850465,2.8727801271853664
max_visits,1,5,10,0,-0.9,0.0,9.6,9.024411338142782,10.42479054927826,9.711438714553772
max_visits_50_reward_50,1,5,8,2,-0.5000000000000001,0.8,24.0,3.1304951684997055,25.94535732269287,3.395312955393663
max_visits_25_reward_75,1,5,8,2,-0.5000000000000001,0.8,24.2,4.019950248448356,26.150913405418397,4.320951504848179
max_visits_75_reward_25,1,5,7,3,-0.30000000000000004,0.9165151389911681,25.0,3.605551275463989,26.99189987182617,3.8771544207911655
max_reward_optimistic,1,5,0,10,1.1,0.0,18.6,0.9165151389911679,20.099319958686827,1.0000422346733762
max_reward_pessimistic,1,5,10,0,-0.9,0.0,1.0,0.0,1.1631781816482545,0.032094357412127836
max_reward_median,1,5,10,0,-0.9,0.0,2.2,0.9797958971132713,2.439698076248169,1.0460461220326125
max_reward,2,5,9,1,-0.7,0.6000000000000001,16.9,4.437341546466758,35.15934054851532,9.232146899299748
max_visits,2,5,10,0,-0.9,0.0,6.4,6.988562083862459,13.376097202301025,14.504943727983434
max_visits_50_reward_50,2,5,10,0,-0.9,0.0,15.2,0.6,31.69432897567749,1.27089209008862
max_visits_25_reward_75,2,5,10,0,-0.9,0.0,15.2,0.6,31.697378206253052,1.238025995487038
max_visits_75_reward_25,2,5,10,0,-0.9,0.0,15.0,0.0,31.255936789512635,0.042039388287519
max_reward_optimistic,2,5,0,10,1.1,0.0,18.2,0.6,37.94130806922912,1.2539805223474614
max_reward_pessimistic,2,5,10,0,-0.9,0.0,1.0,0.0,2.1584269523620607,0.020336856716091863
max_reward_median,2,5,10,0,-0.9,0.0,2.4,1.8,5.0694982528686525,3.7504334881545636
max_reward,0.1,6,2,8,0.7,0.8000000000000002,24.8,11.417530380953666,4.441148138046264,2.0087059295130945
max_visits,0.1,6,9,1,-0.7,0.6000000000000001,8.9,7.105631569396206,1.646970844268799,1.2526185696149248
max_visits_50_reward_50,0.1,6,1,9,0.9,0.6000000000000001,23.9,8.129575634681062,4.32083535194397,1.4404727478066794
max_visits_25_reward_75,0.1,6,0,10,1.1,0.0,27.4,5.589275444992848,4.905051326751709,0.9968111455725046
max_visits_75_reward_25,0.1,6,0,10,1.1,0.0,29.6,5.9194594347794975,5.312829780578613,1.0331763739979516
max_reward_optimistic,0.1,6,0,10,1.1,0.0,29.8,6.896375859826668,5.3536440372467045,1.2327716623158353
max_reward_pessimistic,0.1,6,10,0,-0.9,0.0,11.6,4.7791212581394085,2.123353600502014,0.8534828014486818
max_reward_median,0.1,6,10,0,-0.9,0.0,4.8,1.9390719429665317,0.9285256862640381,0.34410976340425675
max_reward,0.5,6,1,9,0.9,0.6000000000000001,27.9,9.924212815130478,16.19102246761322,5.724039163472124
max_visits,0.5,6,9,1,-0.7000000000000001,0.6000000000000001,10.2,7.345747068882782,5.953520917892456,4.220946705686033
max_visits_50_reward_50,0.5,6,1,9,0.9,0.6000000000000001,27.3,9.550392662084633,15.821713662147522,5.516103881544029
max_visits_25_reward_75,0.5,6,0,10,1.1,0.0,32.4,4.5431266766402185,18.79506959915161,2.6259071852743165
max_visits_75_reward_25,0.5,6,1,9,0.9,0.6000000000000001,28.9,9.822932352408825,16.770404148101807,5.662382731400735
max_reward_optimistic,0.5,6,0,10,1.1,0.0,29.8,4.770744176750625,17.282906126976012,2.7680490105639675
max_reward_pessimistic,0.5,6,10,0,-0.9,0.0,4.0,0.0,2.3788301944732666,0.02596332087993929
max_reward_median,0.5,6,10,0,-0.9,0.0,4.6,1.2806248474865698,2.7199791431427003,0.7375083498147603
max_reward,1,6,0,10,1.1,0.0,31.2,4.4,33.69567813873291,4.777469270754842
max_visits,1,6,9,1,-0.7000000000000001,0.6000000000000001,10.3,6.245798587850876,11.164964270591735,6.7373397884925526
max_visits_50_reward_50,1,6,0,10,1.1,0.0,29.4,5.141984052872976,31.745408010482787,5.5117890522371695
max_visits_25_reward_75,1,6,0,10,1.1,0.0,30.4,5.122499389946279,32.819656658172605,5.553567568922131
max_visits_75_reward_25,1,6,0,10,1.1,0.0,30.8,5.1536394906900505,33.26289579868317,5.563910749372027
max_reward_optimistic,1,6,0,10,1.1,0.0,26.4,5.043808085167396,28.47611484527588,5.399506108910987
max_reward_pessimistic,1,6,10,0,-0.9,0.0,3.0,0.0,3.306084990501404,0.0236565825995475
max_reward_median,1,6,10,0,-0.9,0.0,4.8,1.16619037896906,5.234037899971009,1.2568372981219549
max_reward,2,6,1,9,0.9,0.6000000000000001,22.7,4.001249804748511,47.19218819141388,8.289692230492351
max_visits,2,6,8,2,-0.5000000000000001,0.8,11.1,8.34805366537614,23.119024777412413,17.313649149067448
max_visits_50_reward_50,2,6,0,10,1.1,0.0,25.0,1.0,52.00204982757568,2.1137460074414607
max_visits_25_reward_75,2,6,1,9,0.9,0.6000000000000001,24.5,6.15223536610881,50.94558684825897,12.780885330029333
max_visits_75_reward_25,2,6,0,10,1.1,0.0,24.8,1.32664991614216,51.56097009181976,2.7713827697582256
max_reward_optimistic,2,6,0,10,1.1,0.0,32.4,4.715930449020639,67.36161770820618,9.803850943362642
max_reward_pessimistic,2,6,10,0,-0.9,0.0,3.0,0.0,6.305184030532837,0.030640371767206333
max_reward_median,2,6,10,0,-0.9,0.0,4.7,0.7810249675906654,9.83558530807495,1.6231450094078248
max_reward,0.1,7,0,10,1.1,0.0,11.4,0.7999999999999999,2.068737506866455,0.14471764309028057
max_visits,0.1,7,6,4,-0.1,0.9797958971132713,7.3,3.2264531609803355,1.3481824159622193,0.5515256073141896
max_visits_50_reward_50,0.1,7,0,10,1.1,0.0,11.2,0.6,2.0384769678115844,0.10473865431330073
max_visits_25_reward_75,0.1,7,0,10,1.1,0.0,11.0,0.0,2.0161174297332765,0.02734263800779631
max_visits_75_reward_25,0.1,7,1,9,0.9,0.6000000000000001,10.6,1.9595917942265426,1.9451180458068849,0.3614582589095385
max_reward_optimistic,0.1,7,0,10,1.1,0.0,11.2,0.6,2.0452818870544434,0.11078340448116228
max_reward_pessimistic,0.1,7,10,0,-0.9,0.0,4.1,0.8306623862918074,0.7824853897094727,0.15517707999581573
max_reward_median,0.1,7,10,0,-0.9,0.0,5.3,1.676305461424021,0.9942179441452026,0.2989487685430671
max_reward,0.5,7,1,9,0.9,0.6000000000000001,10.2,2.4,5.95038366317749,1.3876347679825631
max_visits,0.5,7,4,6,0.3000000000000001,0.9797958971132713,9.0,4.0,5.259545922279358,2.2845879319821663
max_visits_50_reward_50,0.5,7,0,10,1.1,0.0,11.0,0.0,6.403562664985657,0.02782912506369382
max_visits_25_reward_75,0.5,7,1,9,0.9,0.6000000000000001,10.4,2.5377155080899043,6.065191602706909,1.4585045300556099
max_visits_75_reward_25,0.5,7,0,10,1.1,0.0,11.0,0.0,6.396163296699524,0.03105730560296395
max_reward_optimistic,0.5,7,0,10,1.1,0.0,11.2,0.6,6.523360991477967,0.33290378923603253
max_reward_pessimistic,0.5,7,10,0,-0.9,0.0,3.9,0.9433981132056604,2.3149752855300902,0.5471891126361204
max_reward_median,0.5,7,10,0,-0.9,0.0,4.6,1.3564659966250536,2.7261343002319336,0.7943860163762853
max_reward,1,7,2,8,0.7,0.8000000000000002,9.4,3.2,10.199440193176269,3.432867399113139
max_visits,1,7,9,1,-0.7000000000000001,0.6000000000000001,4.8,2.3579652245103193,5.237783169746399,2.5329541509912348
max_visits_50_reward_50,1,7,1,9,0.9,0.6000000000000001,10.6,2.65329983228432,11.468838334083557,2.8578373160182244
max_visits_25_reward_75,1,7,1,9,0.9,0.6000000000000001,10.2,2.4,11.054519724845886,2.5804956015167786
max_visits_75_reward_25,1,7,2,8,0.7,0.8000000000000002,10.0,3.255764119219941,10.828512263298034,3.5041521108381706
max_reward_optimistic,1,7,0,10,1.1,0.0,11.2,0.6,12.127838802337646,0.645124373937979
max_reward_pessimistic,1,7,10,0,-0.9,0.0,3.7,0.9,4.063424444198608,0.9748318998795522
max_reward_median,1,7,10,0,-0.9,0.0,4.9,1.3,5.344983100891113,1.401311880731808
max_reward,2,7,2,8,0.7,0.8000000000000002,9.6,3.352610922848042,20.00535731315613,6.946287526773252
max_visits,2,7,8,2,-0.5,0.8000000000000002,5.7,2.7586228448267445,11.904552841186524,5.724169223787157
max_visits_50_reward_50,2,7,1,9,0.9,0.6000000000000001,10.2,2.4,21.26016879081726,4.991507160796681
max_visits_25_reward_75,2,7,2,8,0.7,0.8000000000000002,9.6,2.8354893757515653,20.043904113769532,5.891519290106933
max_visits_75_reward_25,2,7,1,9,0.9,0.6000000000000001,10.6,2.8000000000000003,22.096181654930113,5.822757294351096
max_reward_optimistic,2,7,0,10,1.1,0.0,11.0,0.0,22.95500590801239,0.04968096757301794
max_reward_pessimistic,2,7,10,0,-0.9,0.0,3.2,0.6,6.733377265930176,1.2497117972063922
max_reward_median,2,7,10,0,-0.9,0.0,5.6,1.2806248474865698,11.70489706993103,2.6559930602100588
max_reward,0.1,8,0,10,1.1,0.0,28.6,3.2,5.185482835769653,0.5756603168474781
max_visits,0.1,8,8,2,-0.5000000000000001,0.8,15.2,7.138627319029899,2.782343125343323,1.2808892647315961
max_visits_50_reward_50,0.1,8,2,8,0.7,0.8000000000000002,24.6,6.740919818541086,4.490319418907165,1.2134664302540672
max_visits_25_reward_75,0.1,8,0,10,1.1,0.0,27.2,2.749545416973504,4.889046096801758,0.48753773634169695
max_visits_75_reward_25,0.1,8,0,10,1.1,0.0,27.8,3.249615361854384,5.056366348266602,0.5803602351710784
max_reward_optimistic,0.1,8,0,10,1.1,0.0,29.0,2.0,5.285822200775146,0.37966253420403767
max_reward_pessimistic,0.1,8,10,0,-0.9,0.0,10.1,0.5385164807134505,1.8516492605209351,0.11401450704221301
max_reward_median,0.1,8,10,0,-0.9,0.0,10.4,1.8,1.9200482368469238,0.3375469132221303
max_reward,0.5,8,2,8,0.7,0.8000000000000002,21.6,5.9194594347794975,12.51554253101349,3.429409363739508
max_visits,0.5,8,5,5,0.10000000000000005,1.0,17.9,7.6216796049164905,10.399420595169067,4.395882472117266
max_visits_50_reward_50,0.5,8,2,8,0.7,0.8000000000000002,21.6,6.019966777316964,12.502319192886352,3.452692997096785
max_visits_25_reward_75,0.5,8,3,7,0.5000000000000001,0.9165151389911681,20.9,6.34744042902334,12.134880876541137,3.6367769138794075
max_visits_75_reward_25,0.5,8,4,6,0.30000000000000004,0.9797958971132713,19.8,5.775811631277461,11.526180028915405,3.3391965305875853
max_reward_optimistic,0.5,8,0,10,1.1,0.0,26.0,2.8635642126552705,15.039262938499451,1.6550990719770013
max_reward_pessimistic,0.5,8,10,0,-0.9,0.0,6.7,1.1,3.9338616371154784,0.6289014951326903
max_reward_median,0.5,8,10,0,-0.9,0.0,10.6,5.10294032886923,6.185987710952759,2.9250671214575075
max_reward,1,8,3,7,0.5000000000000001,0.9165151389911681,19.9,5.166236541235795,21.514059495925903,5.568653927592832
max_visits,1,8,8,2,-0.5000000000000001,0.8,13.2,9.19565114605812,14.304479837417603,9.890243877947407
max_visits_50_reward_50,1,8,4,6,0.30000000000000004,0.9797958971132714,19.6,5.219195340279955,21.233306312561034,5.6599167343901495
max_visits_25_reward_75,1,8,1,9,0.9,0.6000000000000001,22.1,4.570557952810575,23.888361167907714,4.911135285236924
max_visits_75_reward_25,1,8,4,6,0.30000000000000004,0.9797958971132713,19.4,5.4626001134990645,20.98278045654297,5.8520685336816625
max_reward_optimistic,1,8,0,10,1.1,0.0,23.0,2.0,24.85284802913666,2.128395527576356
max_reward_pessimistic,1,8,10,0,-0.9,0.0,6.5,1.02469507659596,7.077558994293213,1.0963686208058576
max_reward_median,1,8,10,0,-0.9,0.0,9.1,3.9102429592034307,9.890399527549743,4.228920089188599
max_reward,2,8,1,9,0.9,0.6000000000000001,20.9,3.3600595232822887,43.53312084674835,6.970710563721153
max_visits,2,8,10,0,-0.9,0.0,13.1,5.448853090330111,27.3022700548172,11.360178052351975
max_visits_50_reward_50,2,8,0,10,1.1,0.0,22.6,1.9595917942265424,47.11728813648224,4.100681995760512
max_visits_25_reward_75,2,8,4,6,0.30000000000000004,0.9797958971132714,17.8,5.912698199637793,37.09046552181244,12.321337749344861
max_visits_75_reward_25,2,8,3,7,0.5000000000000001,0.9165151389911681,18.7,6.372597586541928,38.9961199760437,13.219263632557636
max_reward_optimistic,2,8,0,10,1.1,0.0,22.8,1.8867962264113207,47.48530080318451,3.8683397020109336
max_reward_pessimistic,2,8,10,0,-0.9,0.0,6.6,1.2806248474865698,13.82038972377777,2.678583796137241
max_reward_median,2,8,10,0,-0.9,0.0,10.8,3.515679166249389,22.500400185585022,7.287558275435607
max_reward,0.1,9,0,10,1.1,0.0,18.6,1.8,3.367236042022705,0.32345156802105424
max_visits,0.1,9,4,6,0.3000000000000001,0.9797958971132713,16.0,4.1952353926806065,2.9108882904052735,0.7312887568901278
max_visits_50_reward_50,0.1,9,0,10,1.1,0.0,19.4,2.3748684174075834,3.5075608015060427,0.4169772185112672
max_visits_25_reward_75,0.1,9,0,10,1.1,0.0,18.8,2.7129319932501073,3.396297812461853,0.48626931260110523
max_visits_75_reward_25,0.1,9,0,10,1.1,0.0,18.6,2.5377155080899043,3.340052103996277,0.44694878191639836
max_reward_optimistic,0.1,9,0,10,1.1,0.0,19.0,1.61245154965971,3.4103500604629517,0.2779629368414772
max_reward_pessimistic,0.1,9,10,0,-0.9,0.0,8.2,2.2715633383201093,1.5074835538864135,0.39012574805546213
max_reward_median,0.1,9,10,0,-0.9,0.0,10.3,2.3685438564654024,1.896668267250061,0.41857157289361974
max_reward,0.5,9,0,10,1.1,0.0,16.8,1.32664991614216,9.707122635841369,0.7559300887405288
max_visits,0.5,9,4,6,0.3000000000000001,0.9797958971132713,16.0,5.291502622129181,9.306417632102967,3.0518353807534586
max_visits_50_reward_50,0.5,9,0,10,1.1,0.0,16.8,0.9797958971132712,9.700508213043213,0.5741452703722021
max_visits_25_reward_75,0.5,9,0,10,1.1,0.0,17.0,2.04939015319192,9.824975872039795,1.164775949412084
max_visits_75_reward_25,0.5,9,0,10,1.1,0.0,17.4,2.3748684174075834,10.05031132698059,1.3564841542839217
max_reward_optimistic,0.5,9,0,10,1.1,0.0,16.8,2.4,9.710228180885315,1.396982272328846
max_reward_pessimistic,0.5,9,10,0,-0.9,0.0,7.2,0.9797958971132713,4.218001508712769,0.5608047037653954
max_reward_median,0.5,9,10,0,-0.9,0.0,8.5,2.6551836094703507,4.963715052604675,1.536911985840364
max_reward,1,9,0,10,1.1,0.0,16.6,1.2806248474865698,17.91339514255524,1.3762302562666526
max_visits,1,9,2,8,0.7,0.8000000000000002,14.6,4.476605857119878,15.765159487724304,4.787573860962645
max_visits_50_reward_50,1,9,0,10,1.1,0.0,16.2,0.6,17.46037757396698,0.6495909880920501
max_visits_25_reward_75,1,9,0,10,1.1,0.0,16.2,0.6,17.48688862323761,0.6263409041389313
max_visits_75_reward_25,1,9,0,10,1.1,0.0,16.6,1.2806248474865698,17.90857925415039,1.3754082107130583
max_reward_optimistic,1,9,0,10,1.1,0.0,17.0,1.61245154965971,18.345764303207396,1.7322958533561754
max_reward_pessimistic,1,9,10,0,-0.9,0.0,7.0,1.61245154965971,7.59433753490448,1.7528024503147208
max_reward_median,1,9,10,0,-0.9,0.0,8.1,1.3,8.76151900291443,1.3962866196544257
max_reward,2,9,0,10,1.1,0.0,16.6,1.8,34.570004320144655,3.740319078569485
max_visits,2,9,3,7,0.5,0.9165151389911679,14.8,5.878775382679627,30.80796582698822,12.23057542677985
max_visits_50_reward_50,2,9,0,10,1.1,0.0,16.8,1.5999999999999999,34.98686742782593,3.313661648602834
max_visits_25_reward_75,2,9,0,10,1.1,0.0,16.6,1.8,34.57692592144012,3.721010125260185
max_visits_75_reward_25,2,9,0,10,1.1,0.0,16.2,0.6,33.722816061973575,1.2467807403711584
max_reward_optimistic,2,9,0,10,1.1,0.0,17.6,1.4966629547095767,36.61582353115082,3.0804899342445515
max_reward_pessimistic,2,9,10,0,-0.9,0.0,7.0,1.0,14.617692708969116,2.0900764829751783
max_reward_median,2,9,10,0,-0.9,0.0,10.0,3.687817782917155,20.845790791511536,7.65230376507588
max_reward,0.1,10,10,0,-0.9,0.0,25.7,4.670117771534247,4.613169765472412,0.8433247252784962
max_visits,0.1,10,10,0,-0.9,0.0,15.6,5.295280917949491,2.808342456817627,0.9389902428392859
max_visits_50_reward_50,0.1,10,10,0,-0.9,0.0,24.1,4.968903299521938,4.314621996879578,0.8785769283636742
max_visits_25_reward_75,0.1,10,10,0,-0.9,0.0,26.8,1.4000000000000001,4.784477734565735,0.24021009154593437
max_visits_75_reward_25,0.1,10,8,2,-0.5,0.8000000000000002,29.6,5.314132102234569,5.26859495639801,0.9350026028005319
max_reward_optimistic,0.1,10,8,2,-0.5,0.8,28.8,5.6000000000000005,5.124223089218139,0.987457825145034
max_reward_pessimistic,0.1,10,10,0,-0.9,0.0,12.6,1.8,2.2697850942611693,0.3176330867781772
max_reward_median,0.1,10,10,0,-0.9,0.0,10.3,3.606937759374287,1.871860957145691,0.6355752539900286
max_reward,0.5,10,10,0,-0.9,0.0,12.4,1.2,7.181713390350342,0.6919604401003888
max_visits,0.5,10,9,1,-0.7000000000000001,0.6000000000000001,16.2,7.291090453423274,9.379753851890564,4.197873772705093
max_visits_50_reward_50,0.5,10,10,0,-0.9,0.0,13.5,1.5,7.858880996704102,0.8443118625061796
max_visits_25_reward_75,0.5,10,10,0,-0.9,0.0,12.4,1.2,7.191784071922302,0.7057385156300596
max_visits_75_reward_25,0.5,10,10,0,-0.9,0.0,12.9,1.3,7.488210296630859,0.7413000931893683
max_reward_optimistic,0.5,10,1,9,0.9,0.6000000000000001,34.6,2.973213749463701,20.021849155426025,1.6993443053339865
max_reward_pessimistic,0.5,10,10,0,-0.9,0.0,6.0,0.0,3.504229950904846,0.021088276320487907
max_reward_median,0.5,10,10,0,-0.9,0.0,9.2,3.2802438933713454,5.370486783981323,1.9054350832114126
max_reward,1,10,10,0,-0.9,0.0,11.8,1.8867962264113207,12.750252842903137,2.0275912538496477
max_visits,1,10,10,0,-0.9,0.0,10.4,5.553377350765928,11.242247772216796,5.984954755906952
max_visits_50_reward_50,1,10,10,0,-0.9,0.0,11.6,1.7435595774162693,12.556834626197816,1.8915802933310812
max_visits_25_reward_75,1,10,10,0,-0.9,0.0,11.0,1.0,11.90536081790924,1.0603053802946676
max_visits_75_reward_25,1,10,10,0,-0.9,0.0,11.4,1.2806248474865698,12.334290647506714,1.3745023931951872
max_reward_optimistic,1,10,3,7,0.5000000000000001,0.9165151389911681,29.8,8.506468127254694,32.17253081798553,9.153215051604274
max_reward_pessimistic,1,10,10,0,-0.9,0.0,6.0,0.0,6.5364288806915285,0.036740695332067246
max_reward_median,1,10,10,0,-0.9,0.0,8.1,3.6455452267116364,8.77391607761383,3.9406991089381394
max_reward,2,10,10,0,-0.9,0.0,8.0,0.0,16.71048390865326,0.03920277142672452
max_visits,2,10,10,0,-0.9,0.0,9.1,2.1656407827707715,18.983727312088014,4.486576370764773
max_visits_50_reward_50,2,10,10,0,-0.9,0.0,8.6,0.9165151389911681,17.95251421928406,1.8927705386343003
max_visits_25_reward_75,2,10,10,0,-0.9,0.0,8.2,0.6,17.117981338500975,1.2351503087179247
max_visits_75_reward_25,2,10,10,0,-0.9,0.0,8.4,0.7999999999999999,17.520508933067322,1.6417907148965822
max_reward_optimistic,2,10,2,8,0.7,0.8000000000000002,25.4,5.868560300448483,52.8868968963623,12.182451325847424
max_reward_pessimistic,2,10,10,0,-0.9,0.0,6.0,0.0,12.536387276649474,0.03241147783192453
max_reward_median,2,10,10,0,-0.9,0.0,7.6,1.4966629547095764,15.861773324012756,3.088381296346324
max_reward,0.1,11,1,9,0.9,0.6000000000000001,25.8,6.779380502671317,4.612843322753906,1.1821334199780091
max_visits,0.1,11,10,0,-0.9,0.0,5.7,3.4073450074801643,1.0775826215744018,0.583711836819765
max_visits_50_reward_50,0.1,11,2,8,0.7,0.8000000000000002,23.0,8.590692637965812,4.12279736995697,1.5112732709192478
max_visits_25_reward_75,0.1,11,1,9,0.9,0.6000000000000001,24.6,6.390618123468183,4.420910167694092,1.1471076661597641
max_visits_75_reward_25,0.1,11,0,10,1.1,0.0,27.2,2.0396078054371136,4.8598679304122925,0.3428230412033093
max_reward_optimistic,0.1,11,0,10,1.1,0.0,26.4,3.3226495451672293,4.741414594650268,0.5845747568440961
max_reward_pessimistic,0.1,11,10,0,-0.9100000000000001,0.029999999999999995,19.6,4.5431266766402185,3.5275586605072022,0.8061380147189421
max_reward_median,0.1,11,10,0,-0.9,0.0,4.6,1.9078784028338913,0.8818159103393555,0.34242457587456004
max_reward,0.5,11,0,10,1.1,0.0,27.6,2.1540659228538015,15.980728149414062,1.249033417195825
max_visits,0.5,11,10,0,-0.9,0.0,4.5,2.202271554554524,2.6696755647659303,1.283890464653709
max_visits_50_reward_50,0.5,11,0,10,1.1,0.0,26.8,2.0396078054371136,15.503970980644226,1.2088701744077084
max_visits_25_reward_75,0.5,11,0,10,1.1,0.0,28.6,2.2,16.595036697387695,1.292657496869996
max_visits_75_reward_25,0.5,11,0,10,1.1,0.0,27.6,1.2,15.99915611743927,0.7034692925564935
max_reward_optimistic,0.5,11,0,10,1.1,0.0,26.6,1.8000000000000003,15.411607384681702,1.050108664562934
max_reward_pessimistic,0.5,11,10,0,-0.9,0.0,3.0,0.0,1.8014830350875854,0.023049615794456232
max_reward_median,0.5,11,10,0,-0.9,0.0,3.6,1.8547236990991407,2.1521960973739622,1.0784828635090384
max_reward,1,11,0,10,1.1,0.0,28.2,0.6,30.432445645332336,0.6523703081948791
max_visits,1,11,9,1,-0.7000000000000001,0.6000000000000001,6.2,5.688585061331157,6.7331606388092045,6.1281450700085855
max_visits_50_reward_50,1,11,0,10,1.1,0.0,26.8,1.8330302779823362,28.91043722629547,1.9819800637713403
max_visits_25_reward_75,1,11,0,10,1.1,0.0,26.2,1.8867962264113207,28.25804486274719,2.0232430863065187
max_visits_75_reward_25,1,11,0,10,1.1,0.0,27.2,1.5999999999999999,29.349064803123476,1.718777481366931
max_reward_optimistic,1,11,0,10,1.1,0.0,28.8,0.9797958971132712,31.161368703842165,1.0712146528553022
max_reward_pessimistic,1,11,10,0,-0.9,0.0,3.0,0.0,3.306695818901062,0.019172627220039373
max_reward_median,1,11,10,0,-0.9,0.0,4.5,2.29128784747792,4.912525773048401,2.4535970530209292
max_reward,2,11,0,10,1.1,0.0,28.0,0.0,58.3245712518692,0.05936429403583404
max_visits,2,11,10,0,-0.9,0.0,5.5,2.7658633371878665,11.503199934959412,5.727704111085682
max_visits_50_reward_50,2,11,0,10,1.1,0.0,27.4,1.8,57.048391222953796,3.7525221293859508
max_visits_25_reward_75,2,11,0,10,1.1,0.0,27.6,1.4966629547095767,57.46142439842224,3.103790265267223
max_visits_75_reward_25,2,11,0,10,1.1,0.0,27.8,1.4000000000000001,57.83445754051208,2.9117554552465665
max_reward_optimistic,2,11,0,10,1.1,0.0,29.0,2.04939015319192,60.344847083091736,4.288296070742853
max_reward_pessimistic,2,11,10,0,-0.9,0.0,3.0,0.0,6.314276552200317,0.02634064436324764
max_reward_median,2,11,10,0,-0.9,0.0,3.7,1.1874342087037917,7.753213000297547,2.466670067190683
max_reward,0.1,12,0,10,1.1,0.0,33.0,1.3416407864998738,5.887295961380005,0.2463104356117216
max_visits,0.1,12,10,0,-0.9,0.0,11.8,6.446704584514479,2.1595086574554445,1.1170180044510152
max_visits_50_reward_50,0.1,12,0,10,1.1,0.0,34.4,1.7435595774162695,6.127927660942078,0.3049401933043792
max_visits_25_reward_75,0.1,12,0,10,1.1,0.0,34.0,1.5491933384829668,6.087475657463074,0.30013209311117334
max_visits_75_reward_25,0.1,12,0,10,1.1,0.0,34.4,1.7435595774162693,6.134111905097962,0.3196989887714461
max_reward_optimistic,0.1,12,0,10,1.1,0.0,34.2,1.4000000000000001,6.091587805747986,0.25623757723301016
max_reward_pessimistic,0.1,12,10,0,-0.9,0.0,19.9,3.5057096285916205,3.582730770111084,0.6173405240121619
max_reward_median,0.1,12,10,0,-0.9,0.0,5.6,3.411744421846396,1.0586504220962525,0.5888789432646402
max_reward,0.5,12,0,10,1.1,0.0,33.8,0.6,19.578318738937377,0.36816264971386414
max_visits,0.5,12,9,1,-0.7000000000000001,0.6000000000000001,11.9,7.968061244744546,6.9629159450531,4.602017786701702
max_visits_50_reward_50,0.5,12,0,10,1.1,0.0,33.8,1.4,19.59888925552368,0.8304790659100901
max_visits_25_reward_75,0.5,12,0,10,1.1,0.0,34.0,1.5491933384829668,19.70865957736969,0.9378237119090769
max_visits_75_reward_25,0.5,12,0,10,1.1,0.0,34.4,1.7435595774162695,19.937760400772095,0.9900358893267732
max_reward_optimistic,0.5,12,0,10,1.1,0.0,34.6,1.8,20.049956488609315,1.0586165811524655
max_reward_pessimistic,0.5,12,10,0,-0.9,0.0,6.0,0.0,3.5267001152038575,0.026487387373739832
max_reward_median,0.5,12,10,0,-0.9,0.0,7.1,2.9816103031751147,4.163864374160767,1.7205148316740755
max_reward,1,12,0,10,1.1,0.0,34.0,1.2649110640673518,36.724434280395506,1.3772291006545425
max_visits,1,12,9,1,-0.7000000000000001,0.6000000000000001,11.1,7.608547824650903,12.022915911674499,8.194020370890419
max_visits_50_reward_50,1,12,0,10,1.1,0.0,33.6,1.4966629547095767,36.31499271392822,1.616246995485955
max_visits_25_reward_75,1,12,0,10,1.1,0.0,32.8,0.9797958971132712,35.404956459999084,1.0951813385737985
max_visits_75_reward_25,1,12,0,10,1.1,0.0,33.0,1.3416407864998738,35.64640200138092,1.4711772107324939
max_reward_optimistic,1,12,0,10,1.1,0.0,31.4,1.2806248474865698,33.92328147888183,1.3736800522128574
max_reward_pessimistic,1,12,10,0,-0.9,0.0,6.0,0.0,6.545840787887573,0.03473306696902882
max_reward_median,1,12,10,0,-0.9,0.0,3.9,1.7578395831246945,4.268408417701721,1.8888186969864105
max_reward,2,12,0,10,1.1,0.0,32.6,1.2806248474865698,67.9080512046814,2.7141190038200347
max_visits,2,12,10,0,-0.9,0.0,9.0,5.385164807134504,18.79300639629364,11.186762518677162
max_visits_50_reward_50,2,12,0,10,1.1,0.0,33.2,1.32664991614216,69.12144618034363,2.7315550734719793
max_visits_25_reward_75,2,12,0,10,1.1,0.0,34.0,1.2649110640673518,70.84279103279114,2.635839333478645
max_visits_75_reward_25,2,12,0,10,1.1,0.0,34.2,1.0770329614269007,71.22323577404022,2.2498733136830347
max_reward_optimistic,2,12,10,0,-0.9,0.0,13.0,0.0,27.114749121665955,0.04755794263773759
max_reward_pessimistic,2,12,10,0,-0.9,0.0,6.0,0.0,12.544445729255676,0.03472501868487757
max_reward_median,2,12,10,0,-0.9,0.0,6.9,2.211334438749598,14.409153771400451,4.602110520674099
max_reward,0.1,13,0,10,1.1,0.0,13.0,0.0,2.3679203033447265,0.02787346766182721
max_visits,0.1,13,7,3,-0.3,0.9165151389911681,6.3,4.817675788178362,1.1770861625671387,0.838662865908878
max_visits_50_reward_50,0.1,13,0,10,1.1,0.0,13.0,0.0,2.355492639541626,0.01916912103011141
max_visits_25_reward_75,0.1,13,0,10,1.1,0.0,13.0,0.0,2.3579382419586183,0.02394873942665238
max_visits_75_reward_25,0.1,13,0,10,1.1,0.0,13.0,0.0,2.3413384199142455,0.03310811375852785
max_reward_optimistic,0.1,13,0,10,1.1,0.0,13.0,0.0,2.3583711624145507,0.03729764939700044
max_reward_pessimistic,0.1,13,10,0,-0.9,0.0,3.5,1.2041594578792296,0.6878241777420044,0.21225179336555025
max_reward_median,0.1,13,10,0,-0.9,0.0,2.2,1.2489995996796797,0.4704238176345825,0.2132930019845572
max_reward,0.5,13,0,10,1.1,0.0,13.0,0.0,7.5653684616088865,0.035490483681629714
max_visits,0.5,13,9,1,-0.7000000000000001,0.6000000000000001,4.4,3.4409301068170506,2.601810169219971,1.9728589599090234
max_visits_50_reward_50,0.5,13,0,10,1.1,0.0,13.0,0.0,7.563636350631714,0.02994790953342664
max_visits_25_reward_75,0.5,13,0,10,1.1,0.0,13.0,0.0,7.578434038162231,0.0182828611140535
max_visits_75_reward_25,0.5,13,0,10,1.1,0.0,13.0,0.0,7.561405897140503,0.025950919770045176
max_reward_optimistic,0.5,13,0,10,1.1,0.0,13.0,0.0,7.542721819877625,0.015269132383023671
max_reward_pessimistic,0.5,13,10,0,-0.9,0.0,1.0,0.0,0.6483419418334961,0.010180991343757587
max_reward_median,0.5,13,10,0,-0.9,0.0,2.8,1.6613247725836149,1.6870172023773193,0.9578151425886159
max_reward,1,13,0,10,1.1,0.0,13.0,0.0,14.070695853233337,0.026378282033548518
max_visits,1,13,9,1,-0.7,0.6000000000000001,5.9,4.011234224026316,6.419338726997376,4.309173132245271
max_visits_50_reward_50,1,13,0,10,1.1,0.0,13.0,0.0,14.072974944114685,0.03267710274647772
max_visits_25_reward_75,1,13,0,10,1.1,0.0,13.0,0.0,14.074196887016296,0.026712029357288287
max_visits_75_reward_25,1,13,0,10,1.1,0.0,13.0,0.0,14.073713326454163,0.024082080830224745
max_reward_optimistic,1,13,0,10,1.1,0.0,13.0,0.0,14.072537684440613,0.01736140188442147
max_reward_pessimistic,1,13,10,0,-0.9,0.0,1.0,0.0,1.155646061897278,0.014636083523816134
max_reward_median,1,13,10,0,-0.9,0.0,1.9,0.9433981132056604,2.123308277130127,1.0197366057173851
max_reward,2,13,0,10,1.1,0.0,13.0,0.0,27.084480786323546,0.03706441872645333
max_visits,2,13,8,2,-0.5,0.8000000000000002,5.1,4.0853396431631,10.661793780326843,8.489947522482794
max_visits_50_reward_50,2,13,0,10,1.1,0.0,13.0,0.0,27.08322603702545,0.023560017942664473
max_visits_25_reward_75,2,13,0,10,1.1,0.0,13.0,0.0,27.092331886291504,0.02459449572647699
max_visits_75_reward_25,2,13,0,10,1.1,0.0,13.0,0.0,27.078534150123595,0.03128488697295766
max_reward_optimistic,2,13,0,10,1.1,0.0,13.0,0.0,27.077197647094728,0.029975832400069673
max_reward_pessimistic,2,13,10,0,-0.9,0.0,1.0,0.0,2.1572267770767213,0.020757388189350297
max_reward_median,2,13,10,0,-0.9,0.0,1.7,0.7810249675906655,3.6037681102752686,1.6199270097202856
max_reward,0.1,14,3,7,0.5,0.9165151389911681,19.2,0.4,3.4365503549575807,0.07603558175178085
max_visits,0.1,14,9,1,-0.7000000000000001,0.6000000000000001,5.8,5.325410782277738,1.0862120628356933,0.9435292999168737
max_visits_50_reward_50,0.1,14,3,7,0.5,0.9165151389911679,19.1,0.3,3.398462700843811,0.0660162750831403
max_visits_25_reward_75,0.1,14,2,8,0.7,0.8000000000000002,19.2,0.4,3.435439419746399,0.05422125071548874
max_visits_75_reward_25,0.1,14,2,8,0.7,0.8000000000000002,19.2,0.4,3.4342554330825807,0.08453609583983578
max_reward_optimistic,0.1,14,4,6,0.30000000000000004,0.9797958971132714,19.3,0.45825756949558394,3.460058856010437,0.08925932082971258
max_reward_pessimistic,0.1,14,10,0,-0.9,0.0,4.8,4.749736834815167,0.911049222946167,0.8356846564452018
max_reward_median,0.1,14,10,0,-0.9,0.0,1.7,0.7810249675906655,0.37166876792907716,0.134449390672513
max_reward,0.5,14,0,10,1.1,0.0,19.0,0.0,11.03037507534027,0.02806757520307134
max_visits,0.5,14,9,1,-0.7000000000000001,0.6000000000000001,5.8,4.975942121849891,3.4106321811676024,2.8667823444201126
max_visits_50_reward_50,0.5,14,0,10,1.1,0.0,19.0,0.0,11.003014469146729,0.022715164000334884
max_visits_25_reward_75,0.5,14,0,10,1.1,0.0,19.0,0.0,11.026187014579772,0.018167141596482157
max_visits_75_reward_25,0.5,14,0,10,1.1,0.0,19.0,0.0,11.01142680644989,0.021745261515108923
max_reward_optimistic,0.5,14,1,9,0.9,0.6000000000000001,19.1,0.3,11.084166002273559,0.16383059728747695
max_reward_pessimistic,0.5,14,10,0,-0.9,0.0,1.0,0.0,0.6489415645599366,0.015832179602759736
max_reward_median,0.5,14,10,0,-0.9,0.0,2.4,1.42828568570857,1.4502763271331787,0.8286020189177868
max_reward,1,14,1,9,0.9,0.6000000000000001,19.0,0.0,20.51770508289337,0.03128008700088436
max_visits,1,14,10,0,-0.9,0.0,3.9,1.9209372712298547,4.2641260623931885,2.048139924553842
max_visits_50_reward_50,1,14,1,9,0.9,0.6000000000000001,19.1,0.3,20.641655993461608,0.316787229039185
max_visits_25_reward_75,1,14,0,10,1.1,0.0,19.0,0.0,20.529544353485107,0.034968707660186546
max_visits_75_reward_25,1,14,0,10,1.1,0.0,19.0,0.0,20.54099416732788,0.0371130061129434
max_reward_optimistic,1,14,1,9,0.9,0.6000000000000001,19.1,0.3,20.639909195899964,0.3108810220020816
max_reward_pessimistic,1,14,10,0,-0.9,0.0,1.0,0.0,1.1608714818954469,0.01951088261720507
max_reward_median,1,14,10,0,-0.9,0.0,2.0,1.61245154965971,2.2290591955184937,1.7464609614554618
max_reward,2,14,0,10,1.1,0.0,19.0,0.0,39.56775233745575,0.04237969642711557
max_visits,2,14,10,0,-0.9,0.0,3.5,2.539685019840059,7.34684841632843,5.287629132709175
max_visits_50_reward_50,2,14,0,10,1.1,0.0,19.0,0.0,39.56279346942902,0.0237599039904365
max_visits_25_reward_75,2,14,0,10,1.1,0.0,19.0,0.0,39.53274667263031,0.03585595673932418
max_visits_75_reward_25,2,14,0,10,1.1,0.0,19.0,0.0,39.61038584709168,0.029150241496591282
max_reward_optimistic,2,14,0,10,1.1,0.0,19.0,0.0,39.57460718154907,0.03531384775907494
max_reward_pessimistic,2,14,10,0,-0.9,0.0,1.0,0.0,2.1495384216308593,0.012918043535704962
max_reward_median,2,14,10,0,-0.9,0.0,2.0,1.0954451150103321,4.224078297615051,2.279813437582728
max_reward,0.1,15,4,6,0.30000000000000004,0.9797958971132714,22.2,2.2271057451320084,3.9893799781799317,0.41042567734763036
max_visits,0.1,15,10,0,-0.9,0.0,6.2,2.4,1.171955442428589,0.422465828336388
max_visits_50_reward_50,0.1,15,7,3,-0.3,0.9165151389911681,20.9,2.071231517720798,3.7660998344421386,0.37822740473753613
max_visits_25_reward_75,0.1,15,7,3,-0.3,0.9165151389911681,20.8,2.1354156504062622,3.7845252990722655,0.38777422570379266
max_visits_75_reward_25,0.1,15,2,8,0.7,0.8000000000000002,23.2,1.5999999999999999,4.206023120880127,0.29849576323372234
max_reward_optimistic,0.1,15,3,7,0.5000000000000001,0.9165151389911681,22.8,2.3579652245103193,4.151373744010925,0.40773348626825673
max_reward_pessimistic,0.1,15,10,0,-0.9,0.0,5.6,4.862098312457287,1.0819762706756593,0.8544698030561289
max_reward_median,0.1,15,10,0,-0.9,0.0,2.0,1.2649110640673518,0.42984604835510254,0.22474836474430407
max_reward,0.5,15,3,7,0.5000000000000001,0.9165151389911681,22.6,2.1540659228538015,13.160333895683289,1.2582917106430878
max_visits,0.5,15,10,0,-0.9,0.0,5.7,3.6891733491393435,3.3727247953414916,2.131871491163579
max_visits_50_reward_50,0.5,15,5,5,0.10000000000000005,1.0,21.8,2.227105745132009,12.684327745437622,1.2757499496809233
max_visits_25_reward_75,0.5,15,2,8,0.7,0.8000000000000002,23.1,1.8138357147217055,13.4993004322052,1.0653217901409502
max_visits_75_reward_25,0.5,15,4,6,0.3000000000000001,0.9797958971132713,22.1,2.3430749027719964,12.933205723762512,1.3675050477314319
max_reward_optimistic,0.5,15,5,5,0.10000000000000002,1.0,21.7,2.3259406699226015,12.69223530292511,1.3417074839898573
max_reward_pessimistic,0.5,15,10,0,-0.9,0.0,1.0,0.0,0.6647053718566894,0.03252575134194113
max_reward_median,0.5,15,10,0,-0.9,0.0,1.5,0.806225774829855,0.9547033786773682,0.4653412570988019
max_reward,1,15,8,2,-0.5,0.8000000000000002,20.6,1.7435595774162693,22.325304245948793,1.8767516667879878
max_visits,1,15,10,0,-0.9,0.0,5.7,5.197114584074513,6.230087685585022,5.593321806298901
max_visits_50_reward_50,1,15,5,5,0.10000000000000005,1.0,21.8,2.227105745132009,23.629045152664183,2.4114757358641943
max_visits_25_reward_75,1,15,9,1,-0.7000000000000001,0.6000000000000001,20.1,1.374772708486752,21.79379723072052,1.4803942218042916
max_visits_75_reward_25,1,15,9,1,-0.7,0.6000000000000001,20.0,1.4142135623730951,21.634648942947386,1.5203675737253128
max_reward_optimistic,1,15,5,5,0.10000000000000005,1.0,21.9,2.118962010041709,23.72768814563751,2.3006056779134414
max_reward_pessimistic,1,15,10,0,-0.9,0.0,1.0,0.0,1.1598593473434449,0.021850208773589178
max_reward_median,1,15,10,0,-0.9,0.0,1.6,0.8,1.795129942893982,0.8693167762813342
max_reward,2,15,6,4,-0.09999999999999999,0.9797958971132713,21.2,2.3151673805580453,44.144726800918576,4.802062552231529
max_visits,2,15,10,0,-0.9,0.0,5.9,3.330165161069343,12.344122433662415,6.916954780312251
max_visits_50_reward_50,2,15,1,9,0.9,0.6000000000000001,23.6,1.2,49.167634558677676,2.498661790963424
max_visits_25_reward_75,2,15,4,6,0.3000000000000001,0.9797958971132713,22.2,2.2271057451320084,46.24208133220672,4.616404154944546
max_visits_75_reward_25,2,15,3,7,0.5,0.9165151389911681,22.7,2.0024984394500787,47.252520489692685,4.168548186570415
max_reward_optimistic,2,15,1,9,0.9,0.6000000000000001,23.6,1.2,49.14921982288361,2.488643061212283
max_reward_pessimistic,2,15,10,0,-0.9,0.0,1.0,0.0,2.160120224952698,0.01922173015612158
max_reward_median,2,15,10,0,-0.9,0.0,2.2,2.039607805437114,4.655644106864929,4.224453939074383
max_reward,0.1,16,10,0,-0.9,0.0,6.7,0.45825756949558405,1.2571878671646117,0.09610092804141615
max_visits,0.1,16,10,0,-0.9,0.0,4.5,2.5787593916455256,0.8813926219940186,0.4686896414007353
max_visits_50_reward_50,0.1,16,10,0,-0.9,0.0,6.4,0.4898979485566356,1.2024826526641845,0.08518977523682965
max_visits_25_reward_75,0.1,16,10,0,-0.9,0.0,6.6,0.4898979485566356,1.2519939661026,0.09497001213321152
max_visits_75_reward_25,0.1,16,10,0,-0.9,0.0,6.8,0.39999999999999997,1.270796799659729,0.07987103662984502
max_reward_optimistic,0.1,16,0,10,1.1,0.0,32.2,0.6,5.7679238557815555,0.1124205087345689
max_reward_pessimistic,0.1,16,10,0,-0.9,0.0,2.6,0.48989794855663565,0.5298794031143188,0.08766027057926341
max_reward_median,0.1,16,10,0,-0.9,0.0,2.2,1.4000000000000001,0.4603828191757202,0.24335590034750001
max_reward,0.5,16,10,0,-0.9,0.0,5.0,0.0,2.9517130613327027,0.017840344844010324
max_visits,0.5,16,10,0,-0.9,0.0,3.6,1.6852299546352718,2.1415554761886595,0.9666343302607295
max_visits_50_reward_50,0.5,16,10,0,-0.9,0.0,5.0,0.0,2.9585513353347777,0.019674721592933635
max_visits_25_reward_75,0.5,16,10,0,-0.9,0.0,5.0,0.0,2.9640951633453367,0.020169494785197067
max_visits_75_reward_25,0.5,16,10,0,-0.9,0.0,5.0,0.0,2.961294651031494,0.02335451810394391
max_reward_optimistic,0.5,16,10,0,-0.9,0.0,19.7,0.45825756949558405,11.457303094863892,0.2836736744661546
max_reward_pessimistic,0.5,16,10,0,-0.9,0.0,1.0,0.0,0.652852201461792,0.017582220521356263
max_reward_median,0.5,16,10,0,-0.9,0.0,1.6,0.48989794855663565,0.9962326288223267,0.289628971777616
max_reward,1,16,10,0,-0.9,0.0,4.0,0.0,4.389834213256836,0.024008090595608805
max_visits,1,16,10,0,-0.9,0.0,3.2,1.6613247725836149,3.530286693572998,1.8098704162441437
max_visits_50_reward_50,1,16,10,0,-0.9,0.0,4.1,0.3,4.488563585281372,0.327759783153335
max_visits_25_reward_75,1,16,10,0,-0.9,0.0,4.1,0.3,4.490601396560669,0.32571670442627515
max_visits_75_reward_25,1,16,10,0,-0.9,0.0,4.0,0.0,4.382317686080933,0.02663871649573604
max_reward_optimistic,1,16,10,0,-0.9,0.0,19.6,0.4898979485566356,21.20062186717987,0.5286216629249731
max_reward_pessimistic,1,16,10,0,-0.9,0.0,1.0,0.0,1.1594222068786622,0.02750030500983173
max_reward_median,1,16,10,0,-0.9,0.0,3.1,3.2078029864690882,3.406720781326294,3.4526255498798943
max_reward,2,16,10,0,-0.9,0.0,4.0,0.0,8.382507872581481,0.023121027623405455
max_visits,2,16,10,0,-0.9,0.0,2.3,1.3453624047073711,4.848630714416504,2.7883347354008827
max_visits_50_reward_50,2,16,10,0,-0.9,0.0,4.0,0.0,8.386258935928344,0.02424979745081118
max_visits_25_reward_75,2,16,10,0,-0.9,0.0,3.9,0.3,8.179509902000428,0.6255285764482946
max_visits_75_reward_25,2,16,10,0,-0.9,0.0,4.0,0.0,8.401536846160889,0.030335684279199276
max_reward_optimistic,2,16,10,0,-0.9,0.0,19.8,0.39999999999999997,41.24944596290588,0.8055836384763096
max_reward_pessimistic,2,16,10,0,-0.9,0.0,1.0,0.0,2.154492425918579,0.01527085643701068
max_reward_median,2,16,10,0,-0.9,0.0,2.0,1.1832159566199232,4.228737831115723,2.4658269389700713
max_reward,0.1,17,10,0,-0.9,0.0,6.6,0.4898979485566356,1.2308432102203368,0.09778425814705308
max_visits,0.1,17,10,0,-0.9,0.0,7.2,3.1874754901018454,1.3312235355377198,0.5645520206020175
max_visits_50_reward_50,0.1,17,10,0,-0.9,0.0,9.5,8.845903006477066,1.7648913383483886,1.565979532334854
max_visits_25_reward_75,0.1,17,10,0,-0.9,0.0,6.5,0.5,1.2073172330856323,0.0827224246822133
max_visits_75_reward_25,0.1,17,10,0,-0.9,0.0,6.7,0.45825756949558405,1.2500162601470948,0.08919923222280714
max_reward_optimistic,0.1,17,0,10,1.1,0.0,18.8,0.6,3.3881324529647827,0.11196506531390336
max_reward_pessimistic,0.1,17,10,0,-0.9,0.0,2.8,0.39999999999999997,0.5605747938156128,0.0747453871973811
max_reward_median,0.1,17,10,0,-0.9,0.0,2.7,0.7810249675906654,0.5540822505950928,0.13886083809270414
max_reward,0.5,17,10,0,-0.9,0.0,5.0,0.0,2.9533553600311278,0.024549588126642697
max_visits,0.5,17,10,0,-0.9,0.0,3.9,1.9209372712298547,2.317961096763611,1.0955021898602308
max_visits_50_reward_50,0.5,17,10,0,-0.9,0.0,5.0,0.0,2.9570955514907835,0.027874531845082307
max_visits_25_reward_75,0.5,17,10,0,-0.9,0.0,5.0,0.0,2.954809331893921,0.01986899588692896
max_visits_75_reward_25,0.5,17,10,0,-0.9,0.0,5.1,0.3,3.0103809595108033,0.18161999247985108
max_reward_optimistic,0.5,17,0,10,1.1,0.0,17.4,0.7999999999999999,10.111042809486388,0.4588192000313925
max_reward_pessimistic,0.5,17,10,0,-0.9,0.0,1.0,0.0,0.6492953300476074,0.021469475963735014
max_reward_median,0.5,17,10,0,-0.9,0.0,2.2,1.8867962264113207,1.345254373550415,1.081749044568565
max_reward,1,17,10,0,-0.9,0.0,4.1,0.3,4.486705589294433,0.3203358856815406
max_visits,1,17,10,0,-0.9,0.0,3.9,1.3747727084867523,4.272151398658752,1.4741425717938714
max_visits_50_reward_50,1,17,10,0,-0.9,0.0,4.2,0.39999999999999997,4.600439953804016,0.43505368813616335
max_visits_25_reward_75,1,17,10,0,-0.9,0.0,4.0,0.0,4.384104633331299,0.013529031783252864
max_visits_75_reward_25,1,17,10,0,-0.9,0.0,4.0,0.0,4.381814670562744,0.025590021838534344
max_reward_optimistic,1,17,0,10,1.1,0.0,17.4,0.8,18.831279969215394,0.8468945882138398
max_reward_pessimistic,1,17,10,0,-0.9,0.0,1.0,0.0,1.1529507875442504,0.01930913543842263
max_reward_median,1,17,10,0,-0.9,0.0,2.2,2.638181191654584,2.4416032791137696,2.835044992250196
max_reward,2,17,10,0,-0.9,0.0,4.0,0.0,8.3759206533432,0.02489971609272932
max_visits,2,17,10,0,-0.9,0.0,3.3,1.2688577540449522,6.928018355369568,2.6510512052791717
max_visits_50_reward_50,2,17,10,0,-0.9,0.0,4.2,0.39999999999999997,8.808630990982056,0.8301566029037737
max_visits_25_reward_75,2,17,10,0,-0.9,0.0,4.2,0.39999999999999997,8.798710584640503,0.8151576191864085
max_visits_75_reward_25,2,17,10,0,-0.9,0.0,4.0,0.0,8.3804860830307,0.01922876669903526
max_reward_optimistic,2,17,0,10,1.1,0.0,17.4,0.7999999999999999,36.243379735946654,1.6668792850201555
max_reward_pessimistic,2,17,10,0,-0.9,0.0,1.0,0.0,2.159974551200867,0.01886495962873477
max_reward_median,2,17,10,0,-0.9,0.0,1.8,0.7483314773547883,3.80708703994751,1.546693800597026
max_reward,0.1,18,1,9,0.9,0.6000000000000001,16.8,3.6,3.0129399061203004,0.6192597883052933
max_visits,0.1,18,8,2,-0.5000000000000001,0.8,7.7,5.496362433464518,1.4086622714996337,0.9524544818661966
max_visits_50_reward_50,0.1,18,2,8,0.7,0.8000000000000002,15.6,4.8,2.7916664361953734,0.8318516506527609
max_visits_25_reward_75,0.1,18,2,8,0.7,0.8000000000000002,16.0,4.09878030638384,2.8748106002807616,0.7190658807860537
max_visits_75_reward_25,0.1,18,2,8,0.7,0.8000000000000002,15.6,4.8,2.807306241989136,0.8449488318623977
max_reward_optimistic,0.1,18,0,10,1.1,0.0,19.0,1.0,3.39411838054657,0.169134803545664
max_reward_pessimistic,0.1,18,10,0,-0.9,0.0,9.8,1.6,1.8014670372009278,0.2819021724708911
max_reward_median,0.1,18,10,0,-0.9,0.0,2.4,1.562049935181331,0.49534969329833983,0.2814908563734925
max_reward,0.5,18,0,10,1.1,0.0,18.0,0.0,10.463679265975951,0.032012184516594856
max_visits,0.5,18,8,2,-0.5,0.8000000000000002,7.4,6.053098380168622,4.327744626998902,3.46569466457512
max_visits_50_reward_50,0.5,18,0,10,1.1,0.0,18.0,0.0,10.459343743324279,0.02749561317857364
max_visits_25_reward_75,0.5,18,0,10,1.1,0.0,18.0,0.0,10.454967164993286,0.017265336435153444
max_visits_75_reward_25,0.5,18,1,9,0.9,0.6000000000000001,16.8,3.6,9.749254822731018,2.0732586205081427
max_reward_optimistic,0.5,18,0,10,1.1,0.0,18.2,0.6,10.563253331184388,0.34141530759682887
max_reward_pessimistic,0.5,18,10,0,-0.9,0.0,1.0,0.0,0.6488601922988891,0.015094729135178253
max_reward_median,0.5,18,10,0,-0.9,0.0,2.0,1.61245154965971,1.224890398979187,0.9286386194433013
max_reward,1,18,2,8,0.7,0.8000000000000002,15.4,5.2,16.66530544757843,5.591383153222956
max_visits,1,18,9,1,-0.7000000000000001,0.6000000000000001,5.4,5.0635955604688645,5.879887199401855,5.450526156792566
max_visits_50_reward_50,1,18,1,9,0.9,0.6000000000000001,16.7,3.9,18.056870579719543,4.205122958715925
max_visits_25_reward_75,1,18,1,9,0.9,0.6000000000000001,16.7,3.9,18.066706228256226,4.190904513793385
max_visits_75_reward_25,1,18,1,9,0.9,0.6000000000000001,16.7,3.9,18.046350407600404,4.191711949287166
max_reward_optimistic,1,18,0,10,1.1,0.0,18.6,0.9165151389911679,20.109276723861694,0.9811051429918757
max_reward_pessimistic,1,18,10,0,-0.9,0.0,1.0,0.0,1.1497026920318603,0.016888192582034056
max_reward_median,1,18,10,0,-0.9,0.0,2.3,1.4177446878757822,2.555146336555481,1.5258091270067056
max_reward,2,18,2,8,0.7,0.8000000000000002,15.4,5.2,32.06595869064331,10.787752226251538
max_visits,2,18,9,1,-0.7000000000000001,0.6000000000000001,4.6,4.882622246293481,9.629934620857238,10.135682510581901
max_visits_50_reward_50,2,18,1,9,0.9,0.6000000000000001,16.7,3.9,34.76778655052185,8.097215894626991
max_visits_25_reward_75,2,18,2,8,0.7,0.8000000000000002,15.4,5.2,32.09352252483368,10.828921293718306
max_visits_75_reward_25,2,18,0,10,1.1,0.0,18.0,0.0,37.495074439048764,0.029888755215864732
max_reward_optimistic,2,18,0,10,1.1,0.0,18.6,0.9165151389911679,38.76715519428253,1.912715780132184
max_reward_pessimistic,2,18,10,0,-0.9,0.0,1.0,0.0,2.1510499238967897,0.013796084898523969
max_reward_median,2,18,10,0,-0.9,0.0,2.2,1.4696938456699067,4.65642900466919,3.0567505369655583
max_reward,0.1,19,8,2,-0.5000000000000001,0.8,15.3,4.712748667179271,2.8102736711502074,0.8410649328794566
max_visits,0.1,19,9,1,-0.7000000000000001,0.6000000000000001,7.7,5.675385449465085,1.4545954704284667,1.0237435216791637
max_visits_50_reward_50,0.1,19,7,3,-0.3,0.9165151389911681,15.3,4.69148164229596,2.806975173950195,0.8246959598045499
max_visits_25_reward_75,0.1,19,8,2,-0.5000000000000001,0.8,15.1,4.6141087980237305,2.7740632772445677,0.8281341065202421
max_visits_75_reward_25,0.1,19,8,2,-0.5000000000000001,0.8,14.2,5.4,2.5947376012802126,0.9576146773380385
max_reward_optimistic,0.1,19,9,1,-0.7,0.6000000000000001,14.0,2.0,2.53432149887085,0.3483072660450718
max_reward_pessimistic,0.1,19,10,0,-0.9,0.0,13.9,2.6627053911388696,2.5351424694061278,0.47978361094282374
max_reward_median,0.1,19,10,0,-0.9,0.0,1.8,1.1661903789690602,0.39169490337371826,0.20279089766977346
max_reward,0.5,19,0,10,1.1,0.0,18.0,0.0,10.457348275184632,0.02920288137367193
max_visits,0.5,19,10,0,-0.9,0.0,5.0,2.898275349237888,2.964246892929077,1.6710678579571914
max_visits_50_reward_50,0.5,19,0,10,1.1,0.0,18.0,0.0,10.453569841384887,0.04501019398552141
max_visits_25_reward_75,0.5,19,1,9,0.9,0.6000000000000001,17.7,0.9,10.288538479804993,0.5223011074554726
max_visits_75_reward_25,0.5,19,0,10,1.1,0.0,18.0,0.0,10.472010493278503,0.04299634196096491
max_reward_optimistic,0.5,19,0,10,1.1,0.0,24.2,0.6,14.072604274749756,0.33264924322866235
max_reward_pessimistic,0.5,19,10,0,-0.9,0.0,1.0,0.0,0.6587206125259399,0.025084222665314602
max_reward_median,0.5,19,10,0,-0.9,0.0,2.8,1.469693845669907,1.6888232469558715,0.846053320890986
max_reward,1,19,0,10,1.1,0.0,18.0,0.0,19.487303614616394,0.03930012294308989
max_visits,1,19,9,1,-0.7000000000000001,0.6000000000000001,5.4,4.758150901348127,5.891214275360108,5.120988643693868
max_visits_50_reward_50,1,19,0,10,1.1,0.0,18.0,0.0,19.473867321014403,0.032673100602083935
max_visits_25_reward_75,1,19,0,10,1.1,0.0,18.0,0.0,19.472912406921388,0.025390224746461656
max_visits_75_reward_25,1,19,0,10,1.1,0.0,18.0,0.0,19.492972254753113,0.04348397974549323
max_reward_optimistic,1,19,0,10,1.1,0.0,24.2,0.6,26.160478377342223,0.6592760837465774
max_reward_pessimistic,1,19,10,0,-0.9,0.0,1.0,0.0,1.1646106243133545,0.021052352522398135
max_reward_median,1,19,10,0,-0.9,0.0,1.0,0.0,1.152881646156311,0.012475768063339672
max_reward,2,19,0,10,1.1,0.0,18.0,0.0,37.49979660511017,0.033008919976240704
max_visits,2,19,10,0,-0.9,0.0,4.7,2.4103941586387903,9.831463098526001,5.007360331908067
max_visits_50_reward_50,2,19,0,10,1.1,0.0,18.0,0.0,37.51055562496185,0.03127218064203663
max_visits_25_reward_75,2,19,0,10,1.1,0.0,18.0,0.0,37.46453418731689,0.03081414094286651
max_visits_75_reward_25,2,19,0,10,1.1,0.0,18.0,0.0,37.48712818622589,0.0330840188841828
max_reward_optimistic,2,19,0,10,1.1,0.0,24.6,0.9165151389911679,51.2574462890625,1.9129552152850462
max_reward_pessimistic,2,19,10,0,-0.9,0.0,1.0,0.0,2.1592405319213865,0.026294280032761547
max_reward_median,2,19,10,0,-0.9,0.0,2.3,1.4177446878757822,4.851423072814941,2.9375101348637878
max_reward,0.1,20,0,10,1.1,0.0,24.0,0.0,4.285299038887024,0.026079358803943
max_visits,0.1,20,8,2,-0.5,0.8000000000000002,9.7,8.54458893101359,1.7712511777877809,1.5006919307104276
max_visits_50_reward_50,0.1,20,0,10,1.1,0.0,24.0,0.0,4.297910237312317,0.029356960370854192
max_visits_25_reward_75,0.1,20,0,10,1.1,0.0,24.2,0.6,4.348182368278503,0.12582932245327008
max_visits_75_reward_25,0.1,20,0,10,1.1,0.0,24.0,0.0,4.278905248641967,0.0286041328940438
max_reward_optimistic,0.1,20,0,10,1.1,0.0,25.0,1.3416407864998738,4.496151947975159,0.2617345210264986
max_reward_pessimistic,0.1,20,10,0,-0.9,0.0,9.5,2.9068883707497264,1.7417010068893433,0.5183753970778303
max_reward_median,0.1,20,10,0,-0.9,0.0,1.7,0.8999999999999999,0.3757550954818726,0.16480419932400875
max_reward,0.5,20,0,10,1.1,0.0,24.0,0.0,13.864522480964661,0.03390854773825748
max_visits,0.5,20,7,3,-0.3,0.9165151389911681,13.0,10.667708282475669,7.553291058540344,6.119188871591875
max_visits_50_reward_50,0.5,20,0,10,1.1,0.0,24.0,0.0,13.872684049606324,0.03749918341129556
max_visits_25_reward_75,0.5,20,0,10,1.1,0.0,24.0,0.0,13.897930312156678,0.0480346470660623
max_visits_75_reward_25,0.5,20,0,10,1.1,0.0,24.0,0.0,13.896859264373779,0.027272252699370152
max_reward_optimistic,0.5,20,0,10,1.1,0.0,24.0,0.8944271909999159,13.968725204467773,0.49846330963043056
max_reward_pessimistic,0.5,20,10,0,-0.9,0.0,1.0,0.0,0.660476565361023,0.02381830546755268
max_reward_median,0.5,20,10,0,-0.9,0.0,2.1,1.7578395831246945,1.2915495872497558,1.01492292392496
max_reward,1,20,0,10,1.1,0.0,24.0,0.0,25.964430737495423,0.04647425791728245
max_visits,1,20,5,5,0.10000000000000002,1.0,15.0,9.919677414109795,16.25144419670105,10.685272218724167
max_visits_50_reward_50,1,20,0,10,1.1,0.0,24.0,0.0,25.950164580345152,0.04661287208718564
max_visits_25_reward_75,1,20,0,10,1.1,0.0,24.0,0.0,25.99166398048401,0.05122307481315988
max_visits_75_reward_25,1,20,0,10,1.1,0.0,24.0,0.0,25.969096183776855,0.035105166183752576
max_reward_optimistic,1,20,0,10,1.1,0.0,24.0,0.0,25.9715824842453,0.06353650007936278
max_reward_pessimistic,1,20,10,0,-0.9,0.0,1.0,0.0,1.1629746675491333,0.0269489861359323
max_reward_median,1,20,10,0,-0.9,0.0,2.2,1.8330302779823358,2.4439437627792358,1.9600466427101457
max_reward,2,20,1,9,0.9,0.6000000000000001,22.3,5.1000000000000005,46.384420323371884,10.602824527534363
max_visits,2,20,7,3,-0.3,0.9165151389911681,10.2,10.524257693538296,21.257043600082397,21.837435016871577
max_visits_50_reward_50,2,20,1,9,0.9,0.6000000000000001,22.3,5.1000000000000005,46.391524243354795,10.60346269564599
max_visits_25_reward_75,2,20,1,9,0.9,0.6000000000000001,22.3,5.1000000000000005,46.40893199443817,10.572114845547572
max_visits_75_reward_25,2,20,0,10,1.1,0.0,24.0,0.0,49.970415806770326,0.03777375675949326
max_reward_optimistic,2,20,0,10,1.1,0.0,23.8,0.6,49.53545601367951,1.2335993587948335
max_reward_pessimistic,2,20,10,0,-0.9,0.0,1.0,0.0,2.1611215591430666,0.029244015163797567
max_reward_median,2,20,10,0,-0.9,0.0,2.4,1.8,5.068325352668762,3.736401002514356
max_reward,0.1,21,0,10,1.1,0.0,24.2,0.6,4.32980489730835,0.11737081765846864
max_visits,0.1,21,6,4,-0.1,0.9797958971132713,14.9,10.251341375644458,2.700482201576233,1.8084331763881696
max_visits_50_reward_50,0.1,21,0,10,1.1,0.0,24.0,0.0,4.325546193122864,0.024303691344404365
max_visits_25_reward_75,0.1,21,0,10,1.1,0.0,24.0,0.0,4.309287881851196,0.03266072655471784
max_visits_75_reward_25,0.1,21,0,10,1.1,0.0,24.0,0.0,4.324377942085266,0.04342731992808628
max_reward_optimistic,0.1,21,0,10,1.1,0.0,24.8,0.9797958971132712,4.457801508903503,0.18323132585457738
max_reward_pessimistic,0.1,21,10,0,-0.9,0.0,11.6,0.7999999999999999,2.131390690803528,0.13647693320864088
max_reward_median,0.1,21,10,0,-0.9,0.0,2.2,1.4696938456699067,0.4605281829833984,0.2463499177795565
max_reward,0.5,21,0,10,1.1,0.0,24.0,0.0,13.893037056922912,0.02225355502029951
max_visits,0.5,21,8,2,-0.5000000000000001,0.8,10.5,10.471389592599447,6.14241771697998,6.061222825695076
max_visits_50_reward_50,0.5,21,0,10,1.1,0.0,24.0,0.0,13.905786561965943,0.04704696722707103
max_visits_25_reward_75,0.5,21,0,10,1.1,0.0,24.0,0.0,13.900625038146973,0.03980698030041847
max_visits_75_reward_25,0.5,21,0,10,1.1,0.0,24.0,0.0,13.927646803855897,0.050447088780133556
max_reward_optimistic,0.5,21,0,10,1.1,0.0,24.2,0.6,14.009955096244813,0.37842394051942946
max_reward_pessimistic,0.5,21,10,0,-0.9,0.0,1.0,0.0,0.6545054674148559,0.02052133466956265
max_reward_median,0.5,21,10,0,-0.9,0.0,2.1,1.5132745950421558,1.2778736352920532,0.8697750326878703
max_reward,1,21,0,10,1.1,0.0,24.0,0.0,25.907749605178832,0.032492113289328294
max_visits,1,21,8,2,-0.5000000000000001,0.8,10.0,8.613942186943213,10.840047025680542,9.256458228160804
max_visits_50_reward_50,1,21,0,10,1.1,0.0,24.0,0.0,25.898689484596254,0.05822679885769071
max_visits_25_reward_75,1,21,0,10,1.1,0.0,24.0,0.0,25.903745007514953,0.04997521584230699
max_visits_75_reward_25,1,21,0,10,1.1,0.0,24.0,0.0,25.865804862976074,0.03729248030135582
max_reward_optimistic,1,21,0,10,1.1,0.0,24.0,0.0,25.89489903450012,0.04351572404331978
max_reward_pessimistic,1,21,10,0,-0.9,0.0,1.0,0.0,1.155146098136902,0.02662441827693498
max_reward_median,1,21,10,0,-0.9,0.0,2.1,1.044030650891055,2.3311434268951414,1.1182980694730336
max_reward,2,21,0,10,1.1,0.0,24.0,0.0,49.896599650382996,0.06605147203520265
max_visits,2,21,7,3,-0.30000000000000004,0.9165151389911681,10.0,9.433981132056603,20.83043451309204,19.577015234730585
max_visits_50_reward_50,2,21,0,10,1.1,0.0,24.0,0.0,49.92023887634277,0.05422009994247612
max_visits_25_reward_75,2,21,2,8,0.7,0.8000000000000002,20.6,6.8,42.86276528835297,14.112129189702253
max_visits_75_reward_25,2,21,0,10,1.1,0.0,24.0,0.0,49.9075688123703,0.03600891838697402
max_reward_optimistic,2,21,0,10,1.1,0.0,24.2,0.6,50.3229523897171,1.2689119923794807
max_reward_pessimistic,2,21,10,0,-0.9,0.0,1.0,0.0,2.1560608625411986,0.0295464324911267
max_reward_median,2,21,10,0,-0.9,0.0,2.9,1.8138357147217055,6.091018414497375,3.7742053245984852
max_reward,0.1,22,0,10,1.1,0.0,24.8,0.9797958971132712,4.428382110595703,0.1795862555835464
max_visits,0.1,22,6,4,-0.09999999999999999,0.9797958971132713,12.1,11.50173899895142,2.189626598358154,2.0141992569569602
max_visits_50_reward_50,0.1,22,0,10,1.1,0.0,24.2,0.6,4.310961437225342,0.12317175855752338
max_visits_25_reward_75,0.1,22,0,10,1.1,0.0,24.0,0.0,4.291001105308533,0.03443372288747199
max_visits_75_reward_25,0.1,22,0,10,1.1,0.0,24.4,0.7999999999999999,4.33437602519989,0.16357028583608482
max_reward_optimistic,0.1,22,0,10,1.1,0.0,24.6,1.562049935181331,4.382979512214661,0.2668717560850672
max_reward_pessimistic,0.1,22,10,0,-0.9,0.0,15.8,5.929586832149438,2.8325641632080076,1.0344674179879125
max_reward_median,0.1,22,10,0,-0.9,0.0,2.8,1.7204650534085253,0.5574874877929688,0.3081639572081654
max_reward,0.5,22,0,10,1.1,0.0,24.0,0.0,13.870021438598632,0.045957902372218154
max_visits,0.5,22,9,1,-0.7000000000000001,0.6000000000000001,7.1,6.992138442565336,4.157404851913452,4.003080190893767
max_visits_50_reward_50,0.5,22,0,10,1.1,0.0,24.0,0.0,13.874161672592162,0.035016737964783204
max_visits_25_reward_75,0.5,22,0,10,1.1,0.0,24.0,0.0,13.90235414505005,0.04488492536693954
max_visits_75_reward_25,0.5,22,0,10,1.1,0.0,24.0,0.0,13.864851379394532,0.030218733085314965
max_reward_optimistic,0.5,22,0,10,1.1,0.0,24.6,0.9165151389911681,14.210157036781311,0.5211068350284922
max_reward_pessimistic,0.5,22,10,0,-0.9,0.0,1.0,0.0,0.6498448848724365,0.019583927004172524
max_reward_median,0.5,22,10,0,-0.9,0.0,2.7,1.7916472867168918,1.62565438747406,1.035837884073004
max_reward,1,22,3,7,0.5000000000000001,0.9165151389911681,18.9,7.790378681424928,20.394806432724,8.355285098903307
max_visits,1,22,9,1,-0.7000000000000001,0.6000000000000001,7.9,6.090155991434046,8.561146807670593,6.5397888078629585
max_visits_50_reward_50,1,22,3,7,0.5000000000000001,0.9165151389911681,18.9,7.790378681424928,20.3896644115448,8.372457273606503
max_visits_25_reward_75,1,22,1,9,0.9,0.6000000000000001,22.3,5.1000000000000005,24.05447335243225,5.493380894679791
max_visits_75_reward_25,1,22,2,8,0.7,0.8000000000000002,20.6,6.8,22.2188951253891,7.306582062415066
max_reward_optimistic,1,22,0,10,1.1,0.0,24.6,1.2806248474865698,26.535333108901977,1.3739939506501566
max_reward_pessimistic,1,22,10,0,-0.9,0.0,1.0,0.0,1.1544214010238647,0.024102476392114408
max_reward_median,1,22,10,0,-0.9,0.0,1.6,0.9165151389911679,1.7914099216461181,0.9861300879650905
max_reward,2,22,7,3,-0.30000000000000004,0.9165151389911681,12.0,7.861297602813418,24.985385513305665,16.293908918582755
max_visits,2,22,9,1,-0.7000000000000001,0.6000000000000001,8.4,6.343500610861483,17.51798858642578,13.15371620433904
max_visits_50_reward_50,2,22,6,4,-0.1,0.9797958971132713,13.8,8.328265125462805,28.713169050216674,17.27303685682019
max_visits_25_reward_75,2,22,9,1,-0.7000000000000001,0.6000000000000001,8.6,5.141984052872977,17.918888878822326,10.62880117393134
max_visits_75_reward_25,2,22,3,7,0.5,0.9165151389911681,18.9,7.790378681424928,39.3203152179718,16.177403420298205
max_reward_optimistic,2,22,0,10,1.1,0.0,24.0,0.0,49.90522446632385,0.05560671752864602
max_reward_pessimistic,2,22,10,0,-0.9,0.0,1.0,0.0,2.1572181940078736,0.030072536841633756
max_reward_median,2,22,10,0,-0.9,0.0,2.5,2.1095023109728985,5.266229248046875,4.382932339378442
max_reward,0.1,23,0,10,1.1,0.0,42.0,0.0,7.407452726364136,0.032408420261035034
max_visits,0.1,23,10,0,-0.9,0.0,9.2,9.505787710652916,1.6907137870788573,1.6749969221728533
max_visits_50_reward_50,0.1,23,0,10,1.1,0.0,42.0,0.0,7.417882347106934,0.0670467982145928
max_visits_25_reward_75,0.1,23,0,10,1.1,0.0,42.0,0.0,7.4545927286148075,0.04998830675510569
max_visits_75_reward_25,0.1,23,0,10,1.1,0.0,42.0,0.0,7.553697776794434,0.07890731714362681
max_reward_optimistic,0.1,23,0,10,1.1,0.0,42.0,0.0,7.593247032165527,0.05239782852822926
max_reward_pessimistic,0.1,23,10,0,-0.9,0.0,22.9,6.992138442565336,4.167790508270263,1.2214504287289047
max_reward_median,0.1,23,10,0,-0.9,0.0,1.5,0.9219544457292888,0.34991161823272704,0.17700922336964858
max_reward,0.5,23,0,10,1.1,0.0,42.0,0.0,24.395144391059876,0.07075816314935558
max_visits,0.5,23,10,0,-0.9,0.0,6.8,8.930845424706442,4.019199323654175,5.199556448347559
max_visits_50_reward_50,0.5,23,0,10,1.1,0.0,42.0,0.0,53.797590899467465,88.22131401320841
max_visits_25_reward_75,0.5,23,0,10,1.1,0.0,42.0,0.0,24.42388551235199,0.03443970890847266
max_visits_75_reward_25,0.5,23,0,10,1.1,0.0,42.0,0.0,24.375058507919313,0.05065551297375413
max_reward_optimistic,0.5,23,0,10,1.1,0.0,42.0,0.0,24.37589647769928,0.05010921477133214
max_reward_pessimistic,0.5,23,10,0,-0.9,0.0,1.0,0.0,0.6565660238265991,0.03013599084582406
max_reward_median,0.5,23,10,0,-0.9,0.0,2.2,1.2489995996796797,1.3510061979293824,0.7272180084267245
max_reward,1,23,0,10,1.1,0.0,42.0,0.0,45.390542125701906,0.07406950385585788
max_visits,1,23,10,0,-0.9,0.0,9.5,8.163945124754331,10.309514713287353,8.779797907810948
max_visits_50_reward_50,1,23,0,10,1.1,0.0,42.0,0.0,45.40489265918732,0.0712883619685909
max_visits_25_reward_75,1,23,0,10,1.1,0.0,42.0,0.0,45.41887512207031,0.05853237849298457
max_visits_75_reward_25,1,23,0,10,1.1,0.0,42.0,0.0,45.39418160915375,0.03993401922385525
max_reward_optimistic,1,23,10,0,-0.9,0.0,24.0,0.0,26.041881489753724,0.05639140369462169
max_reward_pessimistic,1,23,10,0,-0.9,0.0,1.0,0.0,1.164069128036499,0.019853425466965908
max_reward_median,1,23,10,0,-0.9,0.0,3.0,2.6076809620810595,3.326779866218567,2.8035405725430436
max_reward,2,23,10,0,-0.9,0.0,7.0,0.0,14.664282393455505,0.04149023435398056
max_visits,2,23,9,1,-0.7000000000000001,0.6000000000000001,8.9,10.6155546251715,18.603279614448546,22.05895596971346
max_visits_50_reward_50,2,23,10,0,-0.9,0.0,7.0,0.0,14.66238431930542,0.04990869992226465
max_visits_25_reward_75,2,23,10,0,-0.9,0.0,7.0,0.0,14.64519567489624,0.02802673890961612
max_visits_75_reward_25,2,23,10,0,-0.9,0.0,7.0,0.0,14.652119088172913,0.0473109405685746
max_reward_optimistic,2,23,9,1,-0.7000000000000001,0.6000000000000001,24.8,2.4,51.675595712661746,4.984759287489061
max_reward_pessimistic,2,23,10,0,-0.9,0.0,1.0,0.0,2.164966368675232,0.03172786286206839
max_reward_median,2,23,10,0,-0.9,0.0,2.2,1.661324772583615,4.658788013458252,3.4765638916077655
max_reward,0.1,24,7,3,-0.3,0.9165151389911681,17.6,2.4576411454889016,3.1993531227111816,0.4435768650914641
max_visits,0.1,24,9,1,-0.7000000000000001,0.6000000000000001,6.6,5.695612346359257,1.252315616607666,1.0300868066808213
max_visits_50_reward_50,0.1,24,6,4,-0.09999999999999998,0.9797958971132714,16.8,2.4413111231467406,3.0617032289505004,0.4409913681939575
max_visits_25_reward_75,0.1,24,8,2,-0.5000000000000001,0.8,17.6,2.0591260281974,3.2088943004608153,0.37286366698071094
max_visits_75_reward_25,0.1,24,7,3,-0.3,0.9165151389911681,16.9,2.118962010041709,3.094694948196411,0.388811005753452
max_reward_optimistic,0.1,24,7,3,-0.30000000000000004,0.9165151389911681,17.2,2.4,3.13052442073822,0.4345852887170681
max_reward_pessimistic,0.1,24,10,0,-0.9,0.0,14.9,5.48543526076099,2.7296672582626345,0.9685142987222997
max_reward_median,0.1,24,10,0,-0.9,0.0,1.7,1.1874342087037917,0.3813561677932739,0.21169344952530458
max_reward,0.5,24,2,8,0.7,0.8000000000000002,15.2,2.4,8.863768410682678,1.369160018893478
max_visits,0.5,24,9,1,-0.7000000000000001,0.6000000000000001,5.2,3.655133376499413,3.0848295211791994,2.1163308490283104
max_visits_50_reward_50,0.5,24,1,9,0.9,0.6000000000000001,14.6,1.8,8.510588455200196,1.0318316769753815
max_visits_25_reward_75,0.5,24,2,8,0.7,0.8000000000000002,14.9,1.9209372712298547,8.720592904090882,1.1179135203292685
max_visits_75_reward_25,0.5,24,0,10,1.1,0.0,14.0,0.0,8.172527194023132,0.019834302564858793
max_reward_optimistic,0.5,24,2,8,0.7,0.8000000000000002,15.4,2.8000000000000003,9.00093891620636,1.6171960749974894
max_reward_pessimistic,0.5,24,10,0,-0.9,0.0,1.0,0.0,0.6568885564804077,0.020433551468564525
max_reward_median,0.5,24,10,0,-0.9,0.0,2.1,0.9433981132056604,1.2975820779800415,0.5534128791066134
max_reward,1,24,0,10,1.1,0.0,14.0,0.0,15.197597241401672,0.029603468820985548
max_visits,1,24,10,0,-0.9,0.0,4.9,3.176476034853718,5.3808637142181395,3.4188424214760227
max_visits_50_reward_50,1,24,0,10,1.1,0.0,14.0,0.0,15.188039588928223,0.038281738723042365
max_visits_25_reward_75,1,24,0,10,1.1,0.0,14.0,0.0,15.190410733222961,0.031002376738120438
max_visits_75_reward_25,1,24,0,10,1.1,0.0,14.0,0.0,15.18608798980713,0.0284726094881271
max_reward_optimistic,1,24,0,10,1.1,0.0,14.0,0.0,15.19205927848816,0.03504836083065849
max_reward_pessimistic,1,24,10,0,-0.9,0.0,1.0,0.0,1.162399983406067,0.020006363346724367
max_reward_median,1,24,10,0,-0.9,0.0,2.1,0.9433981132056604,2.3450817346572874,1.0248227451554046
max_reward,2,24,0,10,1.1,0.0,14.0,0.0,29.193923592567444,0.03864032282301111
max_visits,2,24,7,3,-0.30000000000000004,0.9165151389911681,7.5,4.984977432245807,15.659206414222718,10.361734210396826
max_visits_50_reward_50,2,24,0,10,1.1,0.0,14.0,0.0,29.189803028106688,0.025005945553997485
max_visits_25_reward_75,2,24,0,10,1.1,0.0,14.0,0.0,29.193844509124755,0.015725972107928723
max_visits_75_reward_25,2,24,0,10,1.1,0.0,14.0,0.0,29.2301784992218,0.03954121706157719
max_reward_optimistic,2,24,0,10,1.1,0.0,14.0,0.0,29.20399615764618,0.030263380970991585
max_reward_pessimistic,2,24,10,0,-0.9,0.0,1.0,0.0,2.1653937339782714,0.021232934014673483
max_reward_median,2,24,10,0,-0.9,0.0,1.5,0.9219544457292888,3.1944833993911743,1.9129582600116022
max_reward,0.1,25,7,3,-0.29999999999999993,0.9165151389911681,18.2,0.7483314773547883,3.3234248638153074,0.14812223523639056
max_visits,0.1,25,10,0,-0.9,0.0,7.7,4.124318125460256,1.4458231449127197,0.7258951197338703
max_visits_50_reward_50,0.1,25,5,5,0.10000000000000005,1.0,18.4,0.9165151389911681,3.332528328895569,0.16967531055773794
max_visits_25_reward_75,0.1,25,4,6,0.30000000000000004,0.9797958971132714,18.5,0.806225774829855,3.3816314220428465,0.14776398710432426
max_visits_75_reward_25,0.1,25,3,7,0.5,0.9165151389911681,18.5,0.806225774829855,3.3528084993362426,0.13053899932672938
max_reward_optimistic,0.1,25,4,6,0.3000000000000001,0.9797958971132713,18.5,0.806225774829855,3.34646954536438,0.14050819882925064
max_reward_pessimistic,0.1,25,10,0,-0.9,0.0,9.8,5.670978751503131,1.808081364631653,1.0174657600914672
max_reward_median,0.1,25,10,0,-0.9,0.0,2.2,1.7204650534085253,0.46366496086120607,0.291834061668218
max_reward,0.5,25,6,4,-0.09999999999999995,0.9797958971132712,18.7,0.6403124237432849,10.89225459098816,0.38637077104321355
max_visits,0.5,25,9,1,-0.7,0.6000000000000001,7.6,5.351635264103861,4.468384718894958,3.1011290282839123
max_visits_50_reward_50,0.5,25,1,9,0.9,0.6000000000000001,19.0,0.0,11.062670826911926,0.03638245199390177
max_visits_25_reward_75,0.5,25,3,7,0.5000000000000001,0.9165151389911681,18.6,0.8,10.841085147857665,0.4628841450451821
max_visits_75_reward_25,0.5,25,5,5,0.10000000000000002,1.0,18.6,0.8,10.84592933654785,0.4627691922403988
max_reward_optimistic,0.5,25,1,9,0.9,0.6000000000000001,18.9,0.3,11.014047122001648,0.1692650206227873
max_reward_pessimistic,0.5,25,10,0,-0.9,0.0,1.0,0.0,0.6630406141281128,0.02362783536911873
max_reward_median,0.5,25,10,0,-0.9,0.0,1.4,0.48989794855663565,0.8842544078826904,0.2744299034934
max_reward,1,25,10,0,-0.9,0.0,17.6,0.8,19.07678339481354,0.8581003395557995
max_visits,1,25,10,0,-0.9,0.0,2.8,2.5219040425836985,3.1093404293060303,2.7259484927543003
max_visits_50_reward_50,1,25,7,3,-0.30000000000000004,0.9165151389911681,18.1,0.9433981132056604,19.61973707675934,1.017982641042892
max_visits_25_reward_75,1,25,7,3,-0.30000000000000004,0.9165151389911681,18.3,0.7810249675906655,19.83763153553009,0.847958519347413
max_visits_75_reward_25,1,25,6,4,-0.09999999999999998,0.9797958971132714,18.3,0.7810249675906655,19.848626732826233,0.8443723276583706
max_reward_optimistic,1,25,7,3,-0.3,0.9165151389911681,17.9,0.9433981132056604,19.408198738098143,1.0222022526856982
max_reward_pessimistic,1,25,10,0,-0.9,0.0,1.0,0.0,1.1647677421569824,0.016248523068881478
max_reward_median,1,25,10,0,-0.9,0.0,2.2,1.5362291495737217,2.4461963176727295,1.649914728461003
max_reward,2,25,5,5,0.10000000000000005,1.0,18.6,0.66332495807108,38.76457588672638,1.378148752445627
max_visits,2,25,10,0,-0.9,0.0,5.7,4.196427051671457,11.917561173439026,8.707522003159916
max_visits_50_reward_50,2,25,8,2,-0.5000000000000001,0.8,18.4,0.8,38.36224212646484,1.6813366182098994
max_visits_25_reward_75,2,25,5,5,0.10000000000000005,1.0,18.4,0.9165151389911679,38.36203274726868,1.910241237610807
max_visits_75_reward_25,2,25,7,3,-0.3,0.9165151389911681,18.1,0.8306623862918076,37.85335838794708,1.7348150627708419
max_reward_optimistic,2,25,9,1,-0.7000000000000001,0.6000000000000001,18.0,0.7745966692414834,37.63760366439819,1.6032070482939638
max_reward_pessimistic,2,25,10,0,-0.9,0.0,1.0,0.0,2.1689480781555175,0.01896357032141444
max_reward_median,2,25,10,0,-0.9,0.0,1.4,0.66332495807108,3.000971293449402,1.3702464758924138
max_reward,0.1,26,2,8,0.7,0.8000000000000002,16.8,1.5999999999999999,3.115543270111084,0.30541853850368805
max_visits,0.1,26,9,1,-0.7000000000000001,0.6000000000000001,7.0,4.711687595755898,1.3584692478179932,0.8729229994966664
max_visits_50_reward_50,0.1,26,2,8,0.7,0.8000000000000002,16.8,1.5999999999999999,3.1164754390716554,0.2858011441088326
max_visits_25_reward_75,0.1,26,5,5,0.10000000000000009,1.0,18.0,2.0,3.3399629831314086,0.3477880642060788
max_visits_75_reward_25,0.1,26,3,7,0.5,0.9165151389911681,17.2,1.8330302779823362,3.2112729787826537,0.34353870049140117
max_reward_optimistic,0.1,26,2,8,0.7,0.8000000000000002,16.8,1.5999999999999999,3.1432272672653196,0.2928112454959274
max_reward_pessimistic,0.1,26,10,0,-0.9,0.0,10.7,6.0835844697020525,2.042983078956604,1.120546595450194
max_reward_median,0.1,26,10,0,-0.9,0.0,1.9,1.044030650891055,0.42841439247131347,0.1978641978707852
max_reward,0.5,26,3,7,0.5000000000000001,0.9165151389911681,17.2,1.8330302779823362,10.099854516983033,1.1041034743214921
max_visits,0.5,26,9,1,-0.7000000000000001,0.6000000000000001,6.8,4.512205669071391,4.032612204551697,2.611614461526764
max_visits_50_reward_50,0.5,26,5,5,0.10000000000000002,1.0,18.0,2.0,10.538898038864136,1.1707703180569629
max_visits_25_reward_75,0.5,26,3,7,0.5000000000000001,0.9165151389911681,17.2,1.8330302779823362,10.097260594367981,1.0788871926774581
max_visits_75_reward_25,0.5,26,3,7,0.5,0.9165151389911681,17.2,1.8330302779823362,10.096268796920777,1.0857323048049017
max_reward_optimistic,0.5,26,3,7,0.5000000000000001,0.9165151389911681,17.4,2.1540659228538015,10.207443404197694,1.261889977464927
max_reward_pessimistic,0.5,26,10,0,-0.9,0.0,1.0,0.0,0.6580415010452271,0.01769379953189636
max_reward_median,0.5,26,10,0,-0.9,0.0,2.6,1.7435595774162693,1.5947619676589966,1.0139882335459303
max_reward,1,26,0,10,1.1,0.0,16.0,0.0,17.391605186462403,0.046341891592122215
max_visits,1,26,9,1,-0.7000000000000001,0.6000000000000001,6.5,4.759201613716317,7.100143790245056,5.12519013369005
max_visits_50_reward_50,1,26,0,10,1.1,0.0,16.0,0.0,17.39906919002533,0.04465166056724464
max_visits_25_reward_75,1,26,0,10,1.1,0.0,16.0,0.0,17.40197627544403,0.0404274488621043
max_visits_75_reward_25,1,26,0,10,1.1,0.0,16.0,0.0,17.39089741706848,0.05406445656761604
max_reward_optimistic,1,26,0,10,1.1,0.0,16.0,0.0,17.410656881332397,0.05307322557150204
max_reward_pessimistic,1,26,10,0,-0.9,0.0,1.0,0.0,1.1618740797042846,0.025787189279055225
max_reward_median,1,26,10,0,-0.9,0.0,2.3,1.2688577540449522,2.564645791053772,1.3638611679644594
max_reward,2,26,0,10,1.1,0.0,16.0,0.0,33.415249252319335,0.05993370569172782
max_visits,2,26,9,1,-0.7000000000000001,0.6000000000000001,5.2,5.491812087098393,10.907177329063416,11.436085231260327
max_visits_50_reward_50,2,26,0,10,1.1,0.0,16.0,0.0,33.405019116401675,0.03544169741179424
max_visits_25_reward_75,2,26,0,10,1.1,0.0,16.0,0.0,33.393671011924745,0.03978187563399348
max_visits_75_reward_25,2,26,0,10,1.1,0.0,16.0,0.0,33.40553956031799,0.06506037366152878
max_reward_optimistic,2,26,0,10,1.1,0.0,16.0,0.0,33.41213054656983,0.040983061229552996
max_reward_pessimistic,2,26,10,0,-0.9,0.0,1.0,0.0,2.156741428375244,0.015419209968283198
max_reward_median,2,26,10,0,-0.9,0.0,1.7,0.9,3.6195481538772585,1.8809013281528382
max_reward,0.1,27,2,8,0.7,0.8000000000000002,16.8,1.5999999999999999,3.083498644828796,0.26208349482132864
max_visits,0.1,27,10,0,-0.9,0.0,4.7,3.1,0.9253113269805908,0.5573940094778862
max_visits_50_reward_50,0.1,27,3,7,0.5,0.9165151389911681,17.2,1.8330302779823362,3.193731427192688,0.3214355682088091
max_visits_25_reward_75,0.1,27,2,8,0.7,0.8000000000000002,16.8,1.5999999999999999,3.1041157722473143,0.31865512607247526
max_visits_75_reward_25,0.1,27,3,7,0.5000000000000001,0.9165151389911681,17.2,1.8330302779823362,3.160875678062439,0.34348469799926934
max_reward_optimistic,0.1,27,3,7,0.5,0.9165151389911681,17.2,1.8330302779823362,3.1763297080993653,0.33724428582751625
max_reward_pessimistic,0.1,27,10,0,-0.9,0.0,14.5,4.695742752749559,2.687565064430237,0.8235583380842252
max_reward_median,0.1,27,10,0,-0.9,0.0,1.8,0.9797958971132713,0.4107828140258789,0.18615038656201197
max_reward,0.5,27,3,7,0.5000000000000001,0.9165151389911681,17.2,1.8330302779823362,10.085247087478638,1.0630362458841809
max_visits,0.5,27,10,0,-0.9,0.0,4.8,4.237924020083418,2.8634675979614257,2.4578686289774976
max_visits_50_reward_50,0.5,27,2,8,0.7,0.8000000000000002,16.8,1.5999999999999999,9.870228838920593,0.9185323794522149
max_visits_25_reward_75,0.5,27,3,7,0.5000000000000001,0.9165151389911681,17.2,1.8330302779823362,10.073115372657776,1.0737743168847182
max_visits_75_reward_25,0.5,27,3,7,0.5,0.9165151389911681,17.2,1.8330302779823362,10.163180732727051,1.1119224689075506
max_reward_optimistic,0.5,27,4,6,0.3000000000000001,0.9797958971132713,17.9,2.3430749027719964,10.530362629890442,1.3955353325919004
max_reward_pessimistic,0.5,27,10,0,-0.9,0.0,1.0,0.0,0.6625150442123413,0.013104722775533852
max_reward_median,0.5,27,10,0,-0.9,0.0,2.6,1.8547236990991407,1.5964699506759643,1.0898291836254907
max_reward,1,27,0,10,1.1,0.0,16.0,0.0,17.418303990364073,0.03682850512244405
max_visits,1,27,10,0,-0.9,0.0,4.9,3.8587562763149474,5.38595941066742,4.189771584844638
max_visits_50_reward_50,1,27,0,10,1.1,0.0,16.0,0.0,17.397187924385072,0.05420887429373035
max_visits_25_reward_75,1,27,0,10,1.1,0.0,16.0,0.0,17.392296814918517,0.026095239210611822
max_visits_75_reward_25,1,27,0,10,1.1,0.0,16.0,0.0,17.38393371105194,0.028937859142290592
max_reward_optimistic,1,27,0,10,1.1,0.0,16.0,0.0,17.42718620300293,0.06756637859055892
max_reward_pessimistic,1,27,10,0,-0.9,0.0,1.0,0.0,1.1634851455688477,0.017435227802551752
max_reward_median,1,27,10,0,-0.9,0.0,2.3,1.9,2.575985145568848,2.0453644051092676
max_reward,2,27,0,10,1.1,0.0,16.0,0.0,33.41781759262085,0.0850545746701572
max_visits,2,27,7,3,-0.3,0.9165151389911681,8.6,5.9363288318623315,18.01335382461548,12.335339468242964
max_visits_50_reward_50,2,27,0,10,1.1,0.0,16.0,0.0,33.40422434806824,0.04031247769302569
max_visits_25_reward_75,2,27,0,10,1.1,0.0,16.0,0.0,33.38387627601624,0.038120864745916194
max_visits_75_reward_25,2,27,0,10,1.1,0.0,16.0,0.0,33.38750281333923,0.04300317445155118
max_reward_optimistic,2,27,0,10,1.1,0.0,16.0,0.0,33.37880272865296,0.039594077228701015
max_reward_pessimistic,2,27,10,0,-0.9,0.0,1.0,0.0,2.1679142713546753,0.020340656282696205
max_reward_median,2,27,10,0,-0.9,0.0,2.8,2.85657137141714,5.905022931098938,5.939095265488892
